season,week,contestant,p_elim,brier,top3_cover,observed
1,2,John O'Hurley,0.0,0.0,1.0,0
1,2,Rachel Hunter,0.0,0.0,1.0,0
1,2,Kelly Monaco,0.0,0.0,1.0,0
1,2,Joey McIntyre,0.0,0.0,1.0,0
1,2,Evander Holyfield,0.0,0.0,1.0,0
1,2,Trista Sutter,1.0,0.0,1.0,1
1,3,John O'Hurley,0.0,0.0,1.0,0
1,3,Rachel Hunter,0.0,0.0,1.0,0
1,3,Kelly Monaco,0.0,0.0,1.0,0
1,3,Joey McIntyre,0.0,0.0,1.0,0
1,3,Evander Holyfield,1.0,0.0,1.0,1
1,4,John O'Hurley,0.0,0.0,1.0,0
1,4,Rachel Hunter,1.0,0.0,1.0,1
1,4,Joey McIntyre,0.0,0.0,1.0,0
1,4,Kelly Monaco,0.0,0.0,1.0,0
2,1,Stacy Keibler,0.0,0.0,1.0,0
2,1,Tia Carrere,0.0,0.0,1.0,0
2,1,George Hamilton,0.0,0.0,1.0,0
2,1,Master P,0.0,0.0,1.0,0
2,1,Jerry Rice,0.0,0.0,1.0,0
2,1,Giselle Fernandez,0.0,0.0,1.0,0
2,1,Drew Lachey,0.0,0.0,1.0,0
2,1,Tatum O'Neal,0.0,0.0,1.0,0
2,1,Lisa Rinna,0.0,0.0,1.0,0
2,1,Kenny Mayne,1.0,0.0,1.0,1
2,2,Stacy Keibler,0.0,0.0,1.0,0
2,2,Tia Carrere,0.0,0.0,1.0,0
2,2,George Hamilton,0.0,0.0,1.0,0
2,2,Master P,0.0,0.0,1.0,0
2,2,Jerry Rice,0.0,0.0,1.0,0
2,2,Giselle Fernandez,0.0,0.0,1.0,0
2,2,Drew Lachey,0.0,0.0,1.0,0
2,2,Tatum O'Neal,1.0,0.0,1.0,1
2,2,Lisa Rinna,0.0,0.0,1.0,0
2,3,Stacy Keibler,0.0,0.0,1.0,0
2,3,Tia Carrere,0.0,0.0,1.0,0
2,3,George Hamilton,0.0,0.0,1.0,0
2,3,Master P,0.0,0.0,1.0,0
2,3,Jerry Rice,0.0,0.0,1.0,0
2,3,Giselle Fernandez,1.0,0.0,1.0,1
2,3,Drew Lachey,0.0,0.0,1.0,0
2,3,Lisa Rinna,0.0,0.0,1.0,0
2,4,Stacy Keibler,0.0,0.0,1.0,0
2,4,Tia Carrere,0.0,0.0,1.0,0
2,4,George Hamilton,0.0,0.0,1.0,0
2,4,Master P,1.0,0.0,1.0,1
2,4,Jerry Rice,0.0,0.0,1.0,0
2,4,Drew Lachey,0.0,0.0,1.0,0
2,4,Lisa Rinna,0.0,0.0,1.0,0
2,5,Stacy Keibler,0.0,0.0,1.0,0
2,5,Tia Carrere,1.0,0.0,1.0,1
2,5,George Hamilton,0.0,0.0,1.0,0
2,5,Jerry Rice,0.0,0.0,1.0,0
2,5,Drew Lachey,0.0,0.0,1.0,0
2,5,Lisa Rinna,0.0,0.0,1.0,0
2,6,Stacy Keibler,0.0,0.0,1.0,0
2,6,George Hamilton,1.0,0.0,1.0,1
2,6,Jerry Rice,0.0,0.0,1.0,0
2,6,Drew Lachey,0.0,0.0,1.0,0
2,6,Lisa Rinna,0.0,0.0,1.0,0
2,7,Drew Lachey,0.0,0.0,1.0,0
2,7,Jerry Rice,0.0,0.0,1.0,0
2,7,Stacy Keibler,0.0,0.0,1.0,0
2,7,Lisa Rinna,1.0,0.0,1.0,1
3,1,Mario Lopez,0.0,0.0,1.0,0
3,1,Sara Evans,0.0,0.0,1.0,0
3,1,Monique Coleman,0.0,0.0,1.0,0
3,1,Harry Hamlin,0.0,0.0,1.0,0
3,1,Jerry Springer,0.0,0.0,1.0,0
3,1,Willa Ford,0.0,0.0,1.0,0
3,1,Tucker Carlson,1.0,0.0,1.0,1
3,1,Vivica A. Fox,0.0,0.0,1.0,0
3,1,Joey Lawrence,0.0,0.0,1.0,0
3,1,Shanna Moakler,0.0,0.0,1.0,0
3,1,Emmitt Smith,0.0,0.0,1.0,0
3,2,Mario Lopez,0.0,0.0,1.0,0
3,2,Sara Evans,0.0,0.0,1.0,0
3,2,Monique Coleman,0.0,0.0,1.0,0
3,2,Harry Hamlin,0.0,0.0,1.0,0
3,2,Jerry Springer,0.0,0.0,1.0,0
3,2,Willa Ford,0.0,0.0,1.0,0
3,2,Vivica A. Fox,0.0,0.0,1.0,0
3,2,Joey Lawrence,0.0,0.0,1.0,0
3,2,Shanna Moakler,1.0,0.0,1.0,1
3,2,Emmitt Smith,0.0,0.0,1.0,0
3,3,Mario Lopez,0.0,0.0,1.0,0
3,3,Sara Evans,0.0,0.0,1.0,0
3,3,Monique Coleman,0.0,0.0,1.0,0
3,3,Harry Hamlin,1.0,0.0,1.0,1
3,3,Jerry Springer,0.0,0.0,1.0,0
3,3,Willa Ford,0.0,0.0,1.0,0
3,3,Vivica A. Fox,0.0,0.0,1.0,0
3,3,Joey Lawrence,0.0,0.0,1.0,0
3,3,Emmitt Smith,0.0,0.0,1.0,0
3,4,Mario Lopez,0.0,0.0,1.0,0
3,4,Sara Evans,0.0,0.0,1.0,0
3,4,Monique Coleman,0.0,0.0,1.0,0
3,4,Jerry Springer,0.0,0.0,1.0,0
3,4,Willa Ford,0.0,0.0,1.0,0
3,4,Vivica A. Fox,1.0,0.0,1.0,1
3,4,Joey Lawrence,0.0,0.0,1.0,0
3,4,Emmitt Smith,0.0,0.0,1.0,0
3,5,Mario Lopez,0.0,0.0,1.0,0
3,5,Sara Evans,0.0,0.0,1.0,0
3,5,Monique Coleman,0.0,0.0,1.0,0
3,5,Jerry Springer,0.0,0.0,1.0,0
3,5,Willa Ford,1.0,0.0,1.0,1
3,5,Joey Lawrence,0.0,0.0,1.0,0
3,5,Emmitt Smith,0.0,0.0,1.0,0
3,7,Mario Lopez,0.0,0.0,1.0,0
3,7,Monique Coleman,0.0,0.0,1.0,0
3,7,Jerry Springer,1.0,0.0,1.0,1
3,7,Joey Lawrence,0.0,0.0,1.0,0
3,7,Emmitt Smith,0.0,0.0,1.0,0
3,8,Mario Lopez,0.0,0.0,1.0,0
3,8,Emmitt Smith,0.0,0.0,1.0,0
3,8,Joey Lawrence,0.0,0.0,1.0,0
3,8,Monique Coleman,1.0,0.0,1.0,1
4,2,Leeza Gibbons,0.0,0.0,1.0,0
4,2,Ian Ziering,0.0,0.0,1.0,0
4,2,Joey Fatone,0.0,0.0,1.0,0
4,2,John Ratzenberger,0.0,0.0,1.0,0
4,2,Heather Mills,0.0,0.0,1.0,0
4,2,Billy Ray Cyrus,0.0,0.0,1.0,0
4,2,Laila Ali,0.0,0.0,1.0,0
4,2,Clyde Drexler,0.0,0.0,1.0,0
4,2,Paulina Porizkova,1.0,0.0,1.0,1
4,2,Apolo Anton Ohno,0.0,0.0,1.0,0
4,2,Shandi Finnessey,0.0,0.0,1.0,0
4,3,Leeza Gibbons,0.0,0.0,1.0,0
4,3,Ian Ziering,0.0,0.0,1.0,0
4,3,Joey Fatone,0.0,0.0,1.0,0
4,3,John Ratzenberger,0.0,0.0,1.0,0
4,3,Heather Mills,0.0,0.0,1.0,0
4,3,Billy Ray Cyrus,0.0,0.0,1.0,0
4,3,Laila Ali,0.0,0.0,1.0,0
4,3,Clyde Drexler,0.0,0.0,1.0,0
4,3,Apolo Anton Ohno,0.0,0.0,1.0,0
4,3,Shandi Finnessey,1.0,0.0,1.0,1
4,4,Leeza Gibbons,1.0,0.0,1.0,1
4,4,Ian Ziering,0.0,0.0,1.0,0
4,4,Joey Fatone,0.0,0.0,1.0,0
4,4,John Ratzenberger,0.0,0.0,1.0,0
4,4,Heather Mills,0.0,0.0,1.0,0
4,4,Billy Ray Cyrus,0.0,0.0,1.0,0
4,4,Laila Ali,0.0,0.0,1.0,0
4,4,Clyde Drexler,0.0,0.0,1.0,0
4,4,Apolo Anton Ohno,0.0,0.0,1.0,0
4,5,Ian Ziering,0.0,0.0,1.0,0
4,5,Joey Fatone,0.0,0.0,1.0,0
4,5,John Ratzenberger,0.0,0.0,1.0,0
4,5,Heather Mills,0.0,0.0,1.0,0
4,5,Billy Ray Cyrus,0.0,0.0,1.0,0
4,5,Laila Ali,0.0,0.0,1.0,0
4,5,Clyde Drexler,1.0,0.0,1.0,1
4,5,Apolo Anton Ohno,0.0,0.0,1.0,0
4,6,Ian Ziering,0.0,0.0,1.0,0
4,6,Joey Fatone,0.0,0.0,1.0,0
4,6,John Ratzenberger,0.0,0.0,1.0,0
4,6,Heather Mills,1.0,0.0,1.0,1
4,6,Billy Ray Cyrus,0.0,0.0,1.0,0
4,6,Laila Ali,0.0,0.0,1.0,0
4,6,Apolo Anton Ohno,0.0,0.0,1.0,0
4,7,Ian Ziering,0.0,0.0,1.0,0
4,7,Joey Fatone,0.0,0.0,1.0,0
4,7,John Ratzenberger,1.0,0.0,1.0,1
4,7,Billy Ray Cyrus,0.0,0.0,1.0,0
4,7,Laila Ali,0.0,0.0,1.0,0
4,7,Apolo Anton Ohno,0.0,0.0,1.0,0
4,8,Ian Ziering,0.0,0.0,1.0,0
4,8,Joey Fatone,0.0,0.0,1.0,0
4,8,Billy Ray Cyrus,1.0,0.0,1.0,1
4,8,Laila Ali,0.0,0.0,1.0,0
4,8,Apolo Anton Ohno,0.0,0.0,1.0,0
4,9,Ian Ziering,1.0,0.0,1.0,1
4,9,Joey Fatone,0.0,0.0,1.0,0
4,9,Laila Ali,0.0,0.0,1.0,0
4,9,Apolo Anton Ohno,0.0,0.0,1.0,0
5,1,Josie Maran,1.0,0.0,1.0,1
5,1,Mark Cuban,0.0,0.0,1.0,0
5,1,Jane Seymour,0.0,0.0,1.0,0
5,1,Mel B,0.0,0.0,1.0,0
5,1,Sabrina Bryan,0.0,0.0,1.0,0
5,1,Cameron Mathison,0.0,0.0,1.0,0
5,1,Floyd Mayweather Jr. ,0.0,0.0,1.0,0
5,1,Jennie Garth,0.0,0.0,1.0,0
5,1,Marie Osmond,0.0,0.0,1.0,0
5,1,Albert Reed,0.0,0.0,1.0,0
5,1,Wayne Newton,0.0,0.0,1.0,0
5,1,Helio Castroneves,0.0,0.0,1.0,0
5,2,Mark Cuban,0.0,0.0,1.0,0
5,2,Jane Seymour,0.0,0.0,1.0,0
5,2,Mel B,0.0,0.0,1.0,0
5,2,Sabrina Bryan,0.0,0.0,1.0,0
5,2,Cameron Mathison,0.0,0.0,1.0,0
5,2,Floyd Mayweather Jr. ,0.0,0.0,1.0,0
5,2,Jennie Garth,0.0,0.0,1.0,0
5,2,Marie Osmond,0.0,0.0,1.0,0
5,2,Albert Reed,1.0,0.0,1.0,1
5,2,Wayne Newton,0.0,0.0,1.0,0
5,2,Helio Castroneves,0.0,0.0,1.0,0
5,3,Mark Cuban,0.0,0.0,1.0,0
5,3,Jane Seymour,0.0,0.0,1.0,0
5,3,Mel B,0.0,0.0,1.0,0
5,3,Sabrina Bryan,0.0,0.0,1.0,0
5,3,Cameron Mathison,0.0,0.0,1.0,0
5,3,Floyd Mayweather Jr. ,0.0,0.0,1.0,0
5,3,Jennie Garth,0.0,0.0,1.0,0
5,3,Marie Osmond,0.0,0.0,1.0,0
5,3,Wayne Newton,1.0,0.0,1.0,1
5,3,Helio Castroneves,0.0,0.0,1.0,0
5,4,Mark Cuban,0.0,0.0,1.0,0
5,4,Jane Seymour,0.0,0.0,1.0,0
5,4,Mel B,0.0,0.0,1.0,0
5,4,Sabrina Bryan,0.0,0.0,1.0,0
5,4,Cameron Mathison,0.0,0.0,1.0,0
5,4,Floyd Mayweather Jr. ,1.0,0.0,1.0,1
5,4,Jennie Garth,0.0,0.0,1.0,0
5,4,Marie Osmond,0.0,0.0,1.0,0
5,4,Helio Castroneves,0.0,0.0,1.0,0
5,5,Mark Cuban,1.0,0.0,1.0,1
5,5,Jane Seymour,0.0,0.0,1.0,0
5,5,Mel B,0.0,0.0,1.0,0
5,5,Sabrina Bryan,0.0,0.0,1.0,0
5,5,Cameron Mathison,0.0,0.0,1.0,0
5,5,Jennie Garth,0.0,0.0,1.0,0
5,5,Marie Osmond,0.0,0.0,1.0,0
5,5,Helio Castroneves,0.0,0.0,1.0,0
5,6,Jane Seymour,0.0,0.0,1.0,0
5,6,Mel B,0.0,0.0,1.0,0
5,6,Sabrina Bryan,1.0,0.0,1.0,1
5,6,Cameron Mathison,0.0,0.0,1.0,0
5,6,Jennie Garth,0.0,0.0,1.0,0
5,6,Marie Osmond,0.0,0.0,1.0,0
5,6,Helio Castroneves,0.0,0.0,1.0,0
5,7,Jane Seymour,1.0,0.0,1.0,1
5,7,Mel B,0.0,0.0,1.0,0
5,7,Cameron Mathison,0.0,0.0,1.0,0
5,7,Jennie Garth,0.0,0.0,1.0,0
5,7,Marie Osmond,0.0,0.0,1.0,0
5,7,Helio Castroneves,0.0,0.0,1.0,0
5,8,Mel B,0.0,0.0,1.0,0
5,8,Cameron Mathison,1.0,0.0,1.0,1
5,8,Jennie Garth,0.0,0.0,1.0,0
5,8,Marie Osmond,0.0,0.0,1.0,0
5,8,Helio Castroneves,0.0,0.0,1.0,0
5,9,Jennie Garth,1.0,0.0,1.0,1
5,9,Mel B,0.0,0.0,1.0,0
5,9,Marie Osmond,0.0,0.0,1.0,0
5,9,Helio Castroneves,0.0,0.0,1.0,0
6,2,Cristian de la Fuente,0.0,0.04220775317329031,1.0,0
6,2,Jason Taylor,0.0,0.04220775317329031,1.0,0
6,2,Priscilla Presley,0.0,0.04220775317329031,1.0,0
6,2,Steve Guttenberg,0.0,0.04220775317329031,1.0,0
6,2,Marissa Jaret Winokur,0.0,0.04220775317329031,1.0,0
6,2,Penn Jillette,0.44302176696542894,0.04220775317329031,1.0,1
6,2,Kristi Yamaguchi,0.0,0.04220775317329031,1.0,0
6,2,Shannon Elizabeth,0.0,0.04220775317329031,1.0,0
6,2,Mario,0.0,0.04220775317329031,1.0,0
6,2,Marlee Matlin,0.0,0.04220775317329031,1.0,0
6,2,Adam Carolla,0.0,0.04220775317329031,1.0,0
6,2,Monica Seles,0.5569782330345711,0.04220775317329031,1.0,1
6,3,Cristian de la Fuente,0.0,0.0,1.0,0
6,3,Jason Taylor,0.0,0.0,1.0,0
6,3,Priscilla Presley,0.0,0.0,1.0,0
6,3,Steve Guttenberg,1.0,0.0,1.0,1
6,3,Marissa Jaret Winokur,0.0,0.0,1.0,0
6,3,Kristi Yamaguchi,0.0,0.0,1.0,0
6,3,Shannon Elizabeth,0.0,0.0,1.0,0
6,3,Mario,0.0,0.0,1.0,0
6,3,Marlee Matlin,0.0,0.0,1.0,0
6,3,Adam Carolla,0.0,0.0,1.0,0
6,4,Cristian de la Fuente,0.0,0.0,1.0,0
6,4,Jason Taylor,0.0,0.0,1.0,0
6,4,Priscilla Presley,0.0,0.0,1.0,0
6,4,Marissa Jaret Winokur,0.0,0.0,1.0,0
6,4,Kristi Yamaguchi,0.0,0.0,1.0,0
6,4,Shannon Elizabeth,0.0,0.0,1.0,0
6,4,Mario,0.0,0.0,1.0,0
6,4,Marlee Matlin,0.0,0.0,1.0,0
6,4,Adam Carolla,1.0,0.0,1.0,1
6,5,Cristian de la Fuente,0.0,0.0,1.0,0
6,5,Jason Taylor,0.0,0.0,1.0,0
6,5,Priscilla Presley,1.0,0.0,1.0,1
6,5,Marissa Jaret Winokur,0.0,0.0,1.0,0
6,5,Kristi Yamaguchi,0.0,0.0,1.0,0
6,5,Shannon Elizabeth,0.0,0.0,1.0,0
6,5,Mario,0.0,0.0,1.0,0
6,5,Marlee Matlin,0.0,0.0,1.0,0
6,6,Cristian de la Fuente,0.0,0.0,1.0,0
6,6,Jason Taylor,0.0,0.0,1.0,0
6,6,Marissa Jaret Winokur,0.0,0.0,1.0,0
6,6,Kristi Yamaguchi,0.0,0.0,1.0,0
6,6,Shannon Elizabeth,0.0,0.0,1.0,0
6,6,Mario,0.0,0.0,1.0,0
6,6,Marlee Matlin,1.0,0.0,1.0,1
6,7,Cristian de la Fuente,0.0,0.0,1.0,0
6,7,Jason Taylor,0.0,0.0,1.0,0
6,7,Marissa Jaret Winokur,0.0,0.0,1.0,0
6,7,Kristi Yamaguchi,0.0,0.0,1.0,0
6,7,Shannon Elizabeth,1.0,0.0,1.0,1
6,7,Mario,0.0,0.0,1.0,0
6,8,Cristian de la Fuente,0.0,0.0,1.0,0
6,8,Jason Taylor,0.0,0.0,1.0,0
6,8,Marissa Jaret Winokur,0.0,0.0,1.0,0
6,8,Kristi Yamaguchi,0.0,0.0,1.0,0
6,8,Mario,1.0,0.0,1.0,1
6,9,Cristian de la Fuente,0.0,0.0,1.0,0
6,9,Jason Taylor,0.0,0.0,1.0,0
6,9,Marissa Jaret Winokur,1.0,0.0,1.0,1
6,9,Kristi Yamaguchi,0.0,0.0,1.0,0
7,1,Ted McGinley,0.17553191489361702,0.05465839050040047,1.0,1
7,1,Warren Sapp,0.0,0.05465839050040047,1.0,0
7,1,Cloris Leachman,0.0,0.05465839050040047,1.0,0
7,1,Maurice Greene,0.0,0.05465839050040047,1.0,0
7,1,Brooke Burke,0.0,0.05465839050040047,1.0,0
7,1,Kim Kardashian,0.0,0.05465839050040047,1.0,0
7,1,Rocco DiSpirito,0.0,0.05465839050040047,1.0,0
7,1,Toni Braxton,0.0,0.05465839050040047,1.0,0
7,1,Susan Lucci,0.0,0.05465839050040047,1.0,0
7,1,Jeffrey Ross,0.824468085106383,0.05465839050040047,1.0,1
7,1,Misty May-Treanor,0.0,0.05465839050040047,1.0,0
7,1,Cody Linley,0.0,0.05465839050040047,1.0,0
7,1,Lance Bass,0.0,0.05465839050040047,1.0,0
7,2,Warren Sapp,0.0,0.0,1.0,0
7,2,Cloris Leachman,0.0,0.0,1.0,0
7,2,Maurice Greene,0.0,0.0,1.0,0
7,2,Brooke Burke,0.0,0.0,1.0,0
7,2,Rocco DiSpirito,0.0,0.0,1.0,0
7,2,Toni Braxton,0.0,0.0,1.0,0
7,2,Susan Lucci,0.0,0.0,1.0,0
7,2,Kim Kardashian,1.0,0.0,1.0,1
7,2,Misty May-Treanor,0.0,0.0,1.0,0
7,2,Cody Linley,0.0,0.0,1.0,0
7,2,Lance Bass,0.0,0.0,1.0,0
7,4,Warren Sapp,0.0,0.0,1.0,0
7,4,Cloris Leachman,0.0,0.0,1.0,0
7,4,Maurice Greene,0.0,0.0,1.0,0
7,4,Brooke Burke,0.0,0.0,1.0,0
7,4,Toni Braxton,0.0,0.0,1.0,0
7,4,Susan Lucci,0.0,0.0,1.0,0
7,4,Rocco DiSpirito,1.0,0.0,1.0,1
7,4,Cody Linley,0.0,0.0,1.0,0
7,4,Lance Bass,0.0,0.0,1.0,0
7,5,Warren Sapp,0.0,0.0,1.0,0
7,5,Cloris Leachman,0.0,0.0,1.0,0
7,5,Maurice Greene,0.0,0.0,1.0,0
7,5,Brooke Burke,0.0,0.0,1.0,0
7,5,Toni Braxton,1.0,0.0,1.0,1
7,5,Susan Lucci,0.0,0.0,1.0,0
7,5,Cody Linley,0.0,0.0,1.0,0
7,5,Lance Bass,0.0,0.0,1.0,0
7,6,Warren Sapp,0.0,0.0,1.0,0
7,6,Cloris Leachman,1.0,0.0,1.0,1
7,6,Maurice Greene,0.0,0.0,1.0,0
7,6,Brooke Burke,0.0,0.0,1.0,0
7,6,Susan Lucci,0.0,0.0,1.0,0
7,6,Cody Linley,0.0,0.0,1.0,0
7,6,Lance Bass,0.0,0.0,1.0,0
7,7,Warren Sapp,0.0,0.0,1.0,0
7,7,Maurice Greene,0.0,0.0,1.0,0
7,7,Brooke Burke,0.0,0.0,1.0,0
7,7,Susan Lucci,1.0,0.0,1.0,1
7,7,Cody Linley,0.0,0.0,1.0,0
7,7,Lance Bass,0.0,0.0,1.0,0
7,8,Warren Sapp,0.0,0.0,1.0,0
7,8,Maurice Greene,1.0,0.0,1.0,1
7,8,Brooke Burke,0.0,0.0,1.0,0
7,8,Cody Linley,0.0,0.0,1.0,0
7,8,Lance Bass,0.0,0.0,1.0,0
7,9,Brooke Burke,0.0,0.0,1.0,0
7,9,Cody Linley,1.0,0.0,1.0,1
7,9,Lance Bass,0.0,0.0,1.0,0
7,9,Warren Sapp,0.0,0.0,1.0,0
8,2,Ty Murray,0.0,0.0,1.0,0
8,2,Holly Madison,0.0,0.0,1.0,0
8,2,Melissa Rycroft,0.0,0.0,1.0,0
8,2,Shawn Johnson,0.0,0.0,1.0,0
8,2,Steve Wozniak,0.0,0.0,1.0,0
8,2,David Alan Grier,0.0,0.0,1.0,0
8,2,Denise Richards,0.0,0.0,1.0,0
8,2,Belinda Carlisle,1.0,0.0,1.0,1
8,2,Lawrence Taylor,0.0,0.0,1.0,0
8,2,Chuck Wicks,0.0,0.0,1.0,0
8,2,Gilles Marini,0.0,0.0,1.0,0
8,2,Lil' Kim,0.0,0.0,1.0,0
8,2,Steve-O,0.0,0.0,1.0,0
8,3,Ty Murray,0.0,0.0,1.0,0
8,3,Holly Madison,0.0,0.0,1.0,0
8,3,Melissa Rycroft,0.0,0.0,1.0,0
8,3,Shawn Johnson,0.0,0.0,1.0,0
8,3,Steve Wozniak,0.0,0.0,1.0,0
8,3,David Alan Grier,0.0,0.0,1.0,0
8,3,Denise Richards,1.0,0.0,1.0,1
8,3,Lawrence Taylor,0.0,0.0,1.0,0
8,3,Chuck Wicks,0.0,0.0,1.0,0
8,3,Gilles Marini,0.0,0.0,1.0,0
8,3,Lil' Kim,0.0,0.0,1.0,0
8,3,Steve-O,0.0,0.0,1.0,0
8,4,Ty Murray,0.0,0.047871725016214464,1.0,0
8,4,Holly Madison,0.38469827586206895,0.047871725016214464,1.0,1
8,4,Melissa Rycroft,0.0,0.047871725016214464,1.0,0
8,4,Shawn Johnson,0.0,0.047871725016214464,1.0,0
8,4,Steve Wozniak,0.615301724137931,0.047871725016214464,1.0,1
8,4,David Alan Grier,0.0,0.047871725016214464,1.0,0
8,4,Lawrence Taylor,0.0,0.047871725016214464,1.0,0
8,4,Chuck Wicks,0.0,0.047871725016214464,1.0,0
8,4,Gilles Marini,0.0,0.047871725016214464,1.0,0
8,4,Lil' Kim,0.0,0.047871725016214464,1.0,0
8,4,Steve-O,0.0,0.047871725016214464,1.0,0
8,5,Ty Murray,0.0,0.0,1.0,0
8,5,Melissa Rycroft,0.0,0.0,1.0,0
8,5,Shawn Johnson,0.0,0.0,1.0,0
8,5,David Alan Grier,1.0,0.0,1.0,1
8,5,Lawrence Taylor,0.0,0.0,1.0,0
8,5,Chuck Wicks,0.0,0.0,1.0,0
8,5,Gilles Marini,0.0,0.0,1.0,0
8,5,Lil' Kim,0.0,0.0,1.0,0
8,5,Steve-O,0.0,0.0,1.0,0
8,6,Ty Murray,0.0,0.0,1.0,0
8,6,Melissa Rycroft,0.0,0.0,1.0,0
8,6,Shawn Johnson,0.0,0.0,1.0,0
8,6,Lawrence Taylor,0.0,0.0,1.0,0
8,6,Chuck Wicks,0.0,0.0,1.0,0
8,6,Gilles Marini,0.0,0.0,1.0,0
8,6,Lil' Kim,0.0,0.0,1.0,0
8,6,Steve-O,1.0,0.0,1.0,1
8,7,Ty Murray,0.0,0.0,1.0,0
8,7,Melissa Rycroft,0.0,0.0,1.0,0
8,7,Shawn Johnson,0.0,0.0,1.0,0
8,7,Lawrence Taylor,1.0,0.0,1.0,1
8,7,Chuck Wicks,0.0,0.0,1.0,0
8,7,Gilles Marini,0.0,0.0,1.0,0
8,7,Lil' Kim,0.0,0.0,1.0,0
8,8,Ty Murray,0.0,0.0,1.0,0
8,8,Melissa Rycroft,0.0,0.0,1.0,0
8,8,Shawn Johnson,0.0,0.0,1.0,0
8,8,Chuck Wicks,1.0,0.0,1.0,1
8,8,Gilles Marini,0.0,0.0,1.0,0
8,8,Lil' Kim,0.0,0.0,1.0,0
8,9,Ty Murray,0.0,0.0,1.0,0
8,9,Melissa Rycroft,0.0,0.0,1.0,0
8,9,Shawn Johnson,0.0,0.0,1.0,0
8,9,Gilles Marini,0.0,0.0,1.0,0
8,9,Lil' Kim,1.0,0.0,1.0,1
8,10,Ty Murray,1.0,0.0,1.0,1
8,10,Gilles Marini,0.0,0.0,1.0,0
8,10,Melissa Rycroft,0.0,0.0,1.0,0
8,10,Shawn Johnson,0.0,0.0,1.0,0
9,1,Louie Vito,0.0,0.03125008103391496,1.0,0
9,1,Kelly Osbourne,0.0,0.03125008103391496,1.0,0
9,1,Kathy Ireland,0.0,0.03125008103391496,1.0,0
9,1,Aaron Carter,0.0,0.03125008103391496,1.0,0
9,1,Mya,0.0,0.03125008103391496,1.0,0
9,1,Natalie Coughlin,0.0,0.03125008103391496,1.0,0
9,1,Tom DeLay,0.0,0.03125008103391496,1.0,0
9,1,Macy Gray,0.500805152979066,0.03125008103391496,1.0,1
9,1,Debi Mazar,0.0,0.03125008103391496,1.0,0
9,1,Donny Osmond,0.0,0.03125008103391496,1.0,0
9,1,Joanna Krupa,0.0,0.03125008103391496,1.0,0
9,1,Ashley Hamiliton,0.499194847020934,0.03125008103391496,1.0,1
9,1,Chuck Liddell,0.0,0.03125008103391496,1.0,0
9,1,Melissa Joan Hart,0.0,0.03125008103391496,1.0,0
9,1,Michael Irvin,0.0,0.03125008103391496,1.0,0
9,1,Mark Dacascos,0.0,0.03125008103391496,1.0,0
9,2,Louie Vito,0.0,0.0,1.0,0
9,2,Kelly Osbourne,0.0,0.0,1.0,0
9,2,Kathy Ireland,1.0,0.0,1.0,1
9,2,Aaron Carter,0.0,0.0,1.0,0
9,2,Mya,0.0,0.0,1.0,0
9,2,Tom DeLay,0.0,0.0,1.0,0
9,2,Donny Osmond,0.0,0.0,1.0,0
9,2,Debi Mazar,0.0,0.0,1.0,0
9,2,Chuck Liddell,0.0,0.0,1.0,0
9,2,Joanna Krupa,0.0,0.0,1.0,0
9,2,Natalie Coughlin,0.0,0.0,1.0,0
9,2,Melissa Joan Hart,0.0,0.0,1.0,0
9,2,Michael Irvin,0.0,0.0,1.0,0
9,2,Mark Dacascos,0.0,0.0,1.0,0
9,3,Louie Vito,0.0,0.0,1.0,0
9,3,Kelly Osbourne,0.0,0.0,1.0,0
9,3,Aaron Carter,0.0,0.0,1.0,0
9,3,Mya,0.0,0.0,1.0,0
9,3,Tom DeLay,0.0,0.0,1.0,0
9,3,Donny Osmond,0.0,0.0,1.0,0
9,3,Debi Mazar,1.0,0.0,1.0,1
9,3,Chuck Liddell,0.0,0.0,1.0,0
9,3,Joanna Krupa,0.0,0.0,1.0,0
9,3,Natalie Coughlin,0.0,0.0,1.0,0
9,3,Melissa Joan Hart,0.0,0.0,1.0,0
9,3,Michael Irvin,0.0,0.0,1.0,0
9,3,Mark Dacascos,0.0,0.0,1.0,0
9,4,Louie Vito,0.0,0.0,1.0,0
9,4,Kelly Osbourne,0.0,0.0,1.0,0
9,4,Aaron Carter,0.0,0.0,1.0,0
9,4,Mya,0.0,0.0,1.0,0
9,4,Donny Osmond,0.0,0.0,1.0,0
9,4,Chuck Liddell,1.0,0.0,1.0,1
9,4,Joanna Krupa,0.0,0.0,1.0,0
9,4,Natalie Coughlin,0.0,0.0,1.0,0
9,4,Melissa Joan Hart,0.0,0.0,1.0,0
9,4,Michael Irvin,0.0,0.0,1.0,0
9,4,Mark Dacascos,0.0,0.0,1.0,0
9,5,Louie Vito,0.0,0.0,1.0,0
9,5,Kelly Osbourne,0.0,0.0,1.0,0
9,5,Aaron Carter,0.0,0.0,1.0,0
9,5,Mya,0.0,0.0,1.0,0
9,5,Donny Osmond,0.0,0.0,1.0,0
9,5,Joanna Krupa,0.0,0.0,1.0,0
9,5,Natalie Coughlin,1.0,0.0,1.0,1
9,5,Melissa Joan Hart,0.0,0.0,1.0,0
9,5,Michael Irvin,0.0,0.0,1.0,0
9,5,Mark Dacascos,0.0,0.0,1.0,0
9,6,Louie Vito,0.43577430972388953,0.056472208731431744,1.0,1
9,6,Kelly Osbourne,0.0,0.056472208731431744,1.0,0
9,6,Aaron Carter,0.0,0.056472208731431744,1.0,0
9,6,Mya,0.0,0.056472208731431744,1.0,0
9,6,Donny Osmond,0.0,0.056472208731431744,1.0,0
9,6,Joanna Krupa,0.0,0.056472208731431744,1.0,0
9,6,Melissa Joan Hart,0.5642256902761105,0.056472208731431744,1.0,1
9,6,Michael Irvin,0.0,0.056472208731431744,1.0,0
9,6,Mark Dacascos,0.0,0.056472208731431744,1.0,0
9,7,Kelly Osbourne,0.0,0.07144530552745879,1.0,0
9,7,Aaron Carter,0.0,0.07144530552745879,1.0,0
9,7,Mya,0.0,0.07144530552745879,1.0,0
9,7,Donny Osmond,0.0,0.07144530552745879,1.0,0
9,7,Joanna Krupa,0.0,0.07144530552745879,1.0,0
9,7,Michael Irvin,0.5076530612244898,0.07144530552745879,1.0,1
9,7,Mark Dacascos,0.4923469387755102,0.07144530552745879,1.0,1
9,8,Kelly Osbourne,0.0,0.0,1.0,0
9,8,Aaron Carter,1.0,0.0,1.0,1
9,8,Mya,0.0,0.0,1.0,0
9,8,Donny Osmond,0.0,0.0,1.0,0
9,8,Joanna Krupa,0.0,0.0,1.0,0
9,9,Kelly Osbourne,0.0,0.0,1.0,0
9,9,Joanna Krupa,1.0,0.0,1.0,1
9,9,Mya,0.0,0.0,1.0,0
9,9,Donny Osmond,0.0,0.0,1.0,0
10,2,Buzz Aldrin,0.0,0.0,1.0,0
10,2,Erin Andrews,0.0,0.0,1.0,0
10,2,Jake Pavelka,0.0,0.0,1.0,0
10,2,Aiden Turner,0.0,0.0,1.0,0
10,2,Pamela Anderson,0.0,0.0,1.0,0
10,2,Kate Gosselin,0.0,0.0,1.0,0
10,2,Chad Ochocinco,0.0,0.0,1.0,0
10,2,Evan Lysacek,0.0,0.0,1.0,0
10,2,Shannen Doherty,1.0,0.0,1.0,1
10,2,Nicole Scherzinger,0.0,0.0,1.0,0
10,2,Niecy Nash,0.0,0.0,1.0,0
10,3,Buzz Aldrin,1.0,0.0,1.0,1
10,3,Erin Andrews,0.0,0.0,1.0,0
10,3,Jake Pavelka,0.0,0.0,1.0,0
10,3,Aiden Turner,0.0,0.0,1.0,0
10,3,Pamela Anderson,0.0,0.0,1.0,0
10,3,Kate Gosselin,0.0,0.0,1.0,0
10,3,Chad Ochocinco,0.0,0.0,1.0,0
10,3,Evan Lysacek,0.0,0.0,1.0,0
10,3,Nicole Scherzinger,0.0,0.0,1.0,0
10,3,Niecy Nash,0.0,0.0,1.0,0
10,4,Erin Andrews,0.0,0.0,1.0,0
10,4,Jake Pavelka,0.0,0.0,1.0,0
10,4,Aiden Turner,1.0,0.0,1.0,1
10,4,Niecy Nash,0.0,0.0,1.0,0
10,4,Kate Gosselin,0.0,0.0,1.0,0
10,4,Chad Ochocinco,0.0,0.0,1.0,0
10,4,Evan Lysacek,0.0,0.0,1.0,0
10,4,Nicole Scherzinger,0.0,0.0,1.0,0
10,4,Pamela Anderson,0.0,0.0,1.0,0
10,5,Erin Andrews,0.0,0.0,1.0,0
10,5,Jake Pavelka,0.0,0.0,1.0,0
10,5,Niecy Nash,0.0,0.0,1.0,0
10,5,Kate Gosselin,1.0,0.0,1.0,1
10,5,Chad Ochocinco,0.0,0.0,1.0,0
10,5,Evan Lysacek,0.0,0.0,1.0,0
10,5,Nicole Scherzinger,0.0,0.0,1.0,0
10,5,Pamela Anderson,0.0,0.0,1.0,0
10,6,Erin Andrews,0.0,0.0,1.0,0
10,6,Jake Pavelka,1.0,0.0,1.0,1
10,6,Niecy Nash,0.0,0.0,1.0,0
10,6,Chad Ochocinco,0.0,0.0,1.0,0
10,6,Evan Lysacek,0.0,0.0,1.0,0
10,6,Nicole Scherzinger,0.0,0.0,1.0,0
10,6,Pamela Anderson,0.0,0.0,1.0,0
10,7,Erin Andrews,0.0,0.0,1.0,0
10,7,Niecy Nash,0.0,0.0,1.0,0
10,7,Chad Ochocinco,0.0,0.0,1.0,0
10,7,Evan Lysacek,0.0,0.0,1.0,0
10,7,Nicole Scherzinger,0.0,0.0,1.0,0
10,7,Pamela Anderson,1.0,0.0,1.0,1
10,8,Erin Andrews,0.0,0.0,1.0,0
10,8,Chad Ochocinco,0.0,0.0,1.0,0
10,8,Evan Lysacek,0.0,0.0,1.0,0
10,8,Nicole Scherzinger,0.0,0.0,1.0,0
10,8,Niecy Nash,1.0,0.0,1.0,1
10,9,Evan Lysacek,0.0,0.0,1.0,0
10,9,Erin Andrews,0.0,0.0,1.0,0
10,9,Nicole Scherzinger,0.0,0.0,1.0,0
10,9,Chad Ochocinco,1.0,0.0,1.0,1
11,1,Rick Fox,0.0,0.0,1.0,0
11,1,The Situation,0.0,0.0,1.0,0
11,1,Margaret Cho,0.0,0.0,1.0,0
11,1,Michael Bolton,0.0,0.0,1.0,0
11,1,Jennifer Grey,0.0,0.0,1.0,0
11,1,Kurt Warner,0.0,0.0,1.0,0
11,1,Brandy,0.0,0.0,1.0,0
11,1,David Hasselhoff,1.0,0.0,1.0,1
11,1,Kyle Massey,0.0,0.0,1.0,0
11,1,Audrina Patridge,0.0,0.0,1.0,0
11,1,Florence Henderson,0.0,0.0,1.0,0
11,1,Bristol Palin,0.0,0.0,1.0,0
11,2,Rick Fox,0.0,0.0,1.0,0
11,2,The Situation,0.0,0.0,1.0,0
11,2,Margaret Cho,0.0,0.0,1.0,0
11,2,Michael Bolton,1.0,0.0,1.0,1
11,2,Kurt Warner,0.0,0.0,1.0,0
11,2,Jennifer Grey,0.0,0.0,1.0,0
11,2,Brandy,0.0,0.0,1.0,0
11,2,Kyle Massey,0.0,0.0,1.0,0
11,2,Audrina Patridge,0.0,0.0,1.0,0
11,2,Florence Henderson,0.0,0.0,1.0,0
11,2,Bristol Palin,0.0,0.0,1.0,0
11,3,Rick Fox,0.0,0.0,1.0,0
11,3,The Situation,0.0,0.0,1.0,0
11,3,Margaret Cho,1.0,0.0,1.0,1
11,3,Kurt Warner,0.0,0.0,1.0,0
11,3,Jennifer Grey,0.0,0.0,1.0,0
11,3,Brandy,0.0,0.0,1.0,0
11,3,Kyle Massey,0.0,0.0,1.0,0
11,3,Audrina Patridge,0.0,0.0,1.0,0
11,3,Florence Henderson,0.0,0.0,1.0,0
11,3,Bristol Palin,0.0,0.0,1.0,0
11,4,Rick Fox,0.0,0.0,1.0,0
11,4,The Situation,1.0,0.0,1.0,1
11,4,Kurt Warner,0.0,0.0,1.0,0
11,4,Jennifer Grey,0.0,0.0,1.0,0
11,4,Brandy,0.0,0.0,1.0,0
11,4,Kyle Massey,0.0,0.0,1.0,0
11,4,Audrina Patridge,0.0,0.0,1.0,0
11,4,Florence Henderson,0.0,0.0,1.0,0
11,4,Bristol Palin,0.0,0.0,1.0,0
11,5,Rick Fox,0.0,0.0,1.0,0
11,5,Kurt Warner,0.0,0.0,1.0,0
11,5,Jennifer Grey,0.0,0.0,1.0,0
11,5,Brandy,0.0,0.0,1.0,0
11,5,Kyle Massey,0.0,0.0,1.0,0
11,5,Audrina Patridge,0.0,0.0,1.0,0
11,5,Florence Henderson,1.0,0.0,1.0,1
11,5,Bristol Palin,0.0,0.0,1.0,0
11,6,Rick Fox,0.0,0.0,1.0,0
11,6,Kurt Warner,0.0,0.0,1.0,0
11,6,Jennifer Grey,0.0,0.0,1.0,0
11,6,Brandy,0.0,0.0,1.0,0
11,6,Audrina Patridge,1.0,0.0,1.0,1
11,6,Kyle Massey,0.0,0.0,1.0,0
11,6,Bristol Palin,0.0,0.0,1.0,0
11,7,Rick Fox,1.0,0.0,1.0,1
11,7,Kurt Warner,0.0,0.0,1.0,0
11,7,Jennifer Grey,0.0,0.0,1.0,0
11,7,Brandy,0.0,0.0,1.0,0
11,7,Kyle Massey,0.0,0.0,1.0,0
11,7,Bristol Palin,0.0,0.0,1.0,0
11,8,Kurt Warner,1.0,0.0,1.0,1
11,8,Jennifer Grey,0.0,0.0,1.0,0
11,8,Brandy,0.0,0.0,1.0,0
11,8,Kyle Massey,0.0,0.0,1.0,0
11,8,Bristol Palin,0.0,0.0,1.0,0
11,9,Jennifer Grey,0.0,0.0,1.0,0
11,9,Brandy,1.0,0.0,1.0,1
11,9,Kyle Massey,0.0,0.0,1.0,0
11,9,Bristol Palin,0.0,0.0,1.0,0
12,2,Kirstie Alley,0.0,0.0,1.0,0
12,2,Sugar Ray Leonard,0.0,0.0,1.0,0
12,2,Petra Nemcova,0.0,0.0,1.0,0
12,2,Mike Catherwood,1.0,0.0,1.0,1
12,2,Ralph Macchio,0.0,0.0,1.0,0
12,2,Romeo,0.0,0.0,1.0,0
12,2,Hines Ward,0.0,0.0,1.0,0
12,2,Chelsea Kane,0.0,0.0,1.0,0
12,2,Wendy Williams,0.0,0.0,1.0,0
12,2,Kendra Wilkinson,0.0,0.0,1.0,0
12,2,Chris Jericho,0.0,0.0,1.0,0
12,3,Kirstie Alley,0.0,0.0,1.0,0
12,3,Sugar Ray Leonard,0.0,0.0,1.0,0
12,3,Petra Nemcova,0.0,0.0,1.0,0
12,3,Ralph Macchio,0.0,0.0,1.0,0
12,3,Romeo,0.0,0.0,1.0,0
12,3,Hines Ward,0.0,0.0,1.0,0
12,3,Chelsea Kane,0.0,0.0,1.0,0
12,3,Wendy Williams,1.0,0.0,1.0,1
12,3,Kendra Wilkinson,0.0,0.0,1.0,0
12,3,Chris Jericho,0.0,0.0,1.0,0
12,4,Kirstie Alley,0.0,0.0,1.0,0
12,4,Sugar Ray Leonard,1.0,0.0,1.0,1
12,4,Petra Nemcova,0.0,0.0,1.0,0
12,4,Ralph Macchio,0.0,0.0,1.0,0
12,4,Romeo,0.0,0.0,1.0,0
12,4,Hines Ward,0.0,0.0,1.0,0
12,4,Chelsea Kane,0.0,0.0,1.0,0
12,4,Kendra Wilkinson,0.0,0.0,1.0,0
12,4,Chris Jericho,0.0,0.0,1.0,0
12,5,Kirstie Alley,0.0,0.0,1.0,0
12,5,Petra Nemcova,1.0,0.0,1.0,1
12,5,Ralph Macchio,0.0,0.0,1.0,0
12,5,Romeo,0.0,0.0,1.0,0
12,5,Hines Ward,0.0,0.0,1.0,0
12,5,Chelsea Kane,0.0,0.0,1.0,0
12,5,Kendra Wilkinson,0.0,0.0,1.0,0
12,5,Chris Jericho,0.0,0.0,1.0,0
12,6,Kirstie Alley,0.0,0.0,1.0,0
12,6,Ralph Macchio,0.0,0.0,1.0,0
12,6,Romeo,0.0,0.0,1.0,0
12,6,Hines Ward,0.0,0.0,1.0,0
12,6,Chelsea Kane,0.0,0.0,1.0,0
12,6,Kendra Wilkinson,0.0,0.0,1.0,0
12,6,Chris Jericho,1.0,0.0,1.0,1
12,7,Kirstie Alley,0.0,0.0,1.0,0
12,7,Ralph Macchio,0.0,0.0,1.0,0
12,7,Romeo,0.0,0.0,1.0,0
12,7,Hines Ward,0.0,0.0,1.0,0
12,7,Chelsea Kane,0.0,0.0,1.0,0
12,7,Kendra Wilkinson,1.0,0.0,1.0,1
12,8,Kirstie Alley,0.0,0.0,1.0,0
12,8,Ralph Macchio,0.0,0.0,1.0,0
12,8,Romeo,1.0,0.0,1.0,1
12,8,Hines Ward,0.0,0.0,1.0,0
12,8,Chelsea Kane,0.0,0.0,1.0,0
12,9,Hines Ward,0.0,0.0,1.0,0
12,9,Ralph Macchio,1.0,0.0,1.0,1
12,9,Chelsea Kane,0.0,0.0,1.0,0
12,9,Kirstie Alley,0.0,0.0,1.0,0
13,1,Metta World Peace (Ron),1.0,0.0,1.0,1
13,1,Elisabetta Canalis,0.0,0.0,1.0,0
13,1,Hope Solo,0.0,0.0,1.0,0
13,1,Chaz Bono,0.0,0.0,1.0,0
13,1,Carson Kressley,0.0,0.0,1.0,0
13,1,Chynna Phillips,0.0,0.0,1.0,0
13,1,Nancy Grace,0.0,0.0,1.0,0
13,1,J.R. Martinez,0.0,0.0,1.0,0
13,1,Kristin Cavallari,0.0,0.0,1.0,0
13,1,Ricki Lake,0.0,0.0,1.0,0
13,1,Rob Kardashian,0.0,0.0,1.0,0
13,1,David Arquette,0.0,0.0,1.0,0
13,2,Hope Solo,0.0,0.0,1.0,0
13,2,Elisabetta Canalis,1.0,0.0,1.0,1
13,2,Chaz Bono,0.0,0.0,1.0,0
13,2,Carson Kressley,0.0,0.0,1.0,0
13,2,Chynna Phillips,0.0,0.0,1.0,0
13,2,Nancy Grace,0.0,0.0,1.0,0
13,2,J.R. Martinez,0.0,0.0,1.0,0
13,2,Kristin Cavallari,0.0,0.0,1.0,0
13,2,Ricki Lake,0.0,0.0,1.0,0
13,2,Rob Kardashian,0.0,0.0,1.0,0
13,2,David Arquette,0.0,0.0,1.0,0
13,3,Hope Solo,0.0,0.0,1.0,0
13,3,Chaz Bono,0.0,0.0,1.0,0
13,3,Carson Kressley,0.0,0.0,1.0,0
13,3,Chynna Phillips,0.0,0.0,1.0,0
13,3,Nancy Grace,0.0,0.0,1.0,0
13,3,J.R. Martinez,0.0,0.0,1.0,0
13,3,Kristin Cavallari,1.0,0.0,1.0,1
13,3,Ricki Lake,0.0,0.0,1.0,0
13,3,Rob Kardashian,0.0,0.0,1.0,0
13,3,David Arquette,0.0,0.0,1.0,0
13,4,Hope Solo,0.0,0.0,1.0,0
13,4,Chaz Bono,0.0,0.0,1.0,0
13,4,Carson Kressley,0.0,0.0,1.0,0
13,4,Chynna Phillips,1.0,0.0,1.0,1
13,4,Nancy Grace,0.0,0.0,1.0,0
13,4,J.R. Martinez,0.0,0.0,1.0,0
13,4,Ricki Lake,0.0,0.0,1.0,0
13,4,Rob Kardashian,0.0,0.0,1.0,0
13,4,David Arquette,0.0,0.0,1.0,0
13,5,Hope Solo,0.0,0.0,1.0,0
13,5,Chaz Bono,0.0,0.0,1.0,0
13,5,Carson Kressley,1.0,0.0,1.0,1
13,5,Nancy Grace,0.0,0.0,1.0,0
13,5,J.R. Martinez,0.0,0.0,1.0,0
13,5,Ricki Lake,0.0,0.0,1.0,0
13,5,Rob Kardashian,0.0,0.0,1.0,0
13,5,David Arquette,0.0,0.0,1.0,0
13,6,Hope Solo,0.0,0.0,1.0,0
13,6,Chaz Bono,1.0,0.0,1.0,1
13,6,Nancy Grace,0.0,0.0,1.0,0
13,6,J.R. Martinez,0.0,0.0,1.0,0
13,6,Ricki Lake,0.0,0.0,1.0,0
13,6,Rob Kardashian,0.0,0.0,1.0,0
13,6,David Arquette,0.0,0.0,1.0,0
13,7,Hope Solo,0.0,0.0,1.0,0
13,7,Nancy Grace,0.0,0.0,1.0,0
13,7,J.R. Martinez,0.0,0.0,1.0,0
13,7,Ricki Lake,0.0,0.0,1.0,0
13,7,Rob Kardashian,0.0,0.0,1.0,0
13,7,David Arquette,1.0,0.0,1.0,1
13,8,Hope Solo,0.0,0.0,1.0,0
13,8,Nancy Grace,1.0,0.0,1.0,1
13,8,J.R. Martinez,0.0,0.0,1.0,0
13,8,Ricki Lake,0.0,0.0,1.0,0
13,8,Rob Kardashian,0.0,0.0,1.0,0
13,9,Hope Solo,1.0,0.0,1.0,1
13,9,Ricki Lake,0.0,0.0,1.0,0
13,9,Rob Kardashian,0.0,0.0,1.0,0
13,9,J.R. Martinez,0.0,0.0,1.0,0
14,2,Jaleel White,0.0,0.0,1.0,0
14,2,Martina Navratilova,1.0,0.0,1.0,1
14,2,Melissa Gilbert,0.0,0.0,1.0,0
14,2,William Levy,0.0,0.0,1.0,0
14,2,Katherine Jenkins,0.0,0.0,1.0,0
14,2,Jack Wagner,0.0,0.0,1.0,0
14,2,Gladys Knight,0.0,0.0,1.0,0
14,2,Maria Menounos,0.0,0.0,1.0,0
14,2,Sherri Sheperd,0.0,0.0,1.0,0
14,2,Donald Driver,0.0,0.0,1.0,0
14,2,Roshon Fegan,0.0,0.0,1.0,0
14,2,Gavin DeGraw,0.0,0.0,1.0,0
14,3,Jaleel White,0.0,0.0,1.0,0
14,3,Melissa Gilbert,0.0,0.0,1.0,0
14,3,William Levy,0.0,0.0,1.0,0
14,3,Katherine Jenkins,0.0,0.0,1.0,0
14,3,Jack Wagner,1.0,0.0,1.0,1
14,3,Gladys Knight,0.0,0.0,1.0,0
14,3,Maria Menounos,0.0,0.0,1.0,0
14,3,Sherri Sheperd,0.0,0.0,1.0,0
14,3,Donald Driver,0.0,0.0,1.0,0
14,3,Roshon Fegan,0.0,0.0,1.0,0
14,3,Gavin DeGraw,0.0,0.0,1.0,0
14,4,Jaleel White,0.0,0.0,1.0,0
14,4,Melissa Gilbert,0.0,0.0,1.0,0
14,4,William Levy,0.0,0.0,1.0,0
14,4,Katherine Jenkins,0.0,0.0,1.0,0
14,4,Gladys Knight,0.0,0.0,1.0,0
14,4,Maria Menounos,0.0,0.0,1.0,0
14,4,Sherri Sheperd,1.0,0.0,1.0,1
14,4,Donald Driver,0.0,0.0,1.0,0
14,4,Roshon Fegan,0.0,0.0,1.0,0
14,4,Gavin DeGraw,0.0,0.0,1.0,0
14,5,Jaleel White,0.0,0.0,1.0,0
14,5,Melissa Gilbert,0.0,0.0,1.0,0
14,5,William Levy,0.0,0.0,1.0,0
14,5,Katherine Jenkins,0.0,0.0,1.0,0
14,5,Gladys Knight,0.0,0.0,1.0,0
14,5,Maria Menounos,0.0,0.0,1.0,0
14,5,Donald Driver,0.0,0.0,1.0,0
14,5,Roshon Fegan,0.0,0.0,1.0,0
14,5,Gavin DeGraw,1.0,0.0,1.0,1
14,6,Jaleel White,0.0,0.0,1.0,0
14,6,Melissa Gilbert,0.0,0.0,1.0,0
14,6,William Levy,0.0,0.0,1.0,0
14,6,Katherine Jenkins,0.0,0.0,1.0,0
14,6,Gladys Knight,1.0,0.0,1.0,1
14,6,Donald Driver,0.0,0.0,1.0,0
14,6,Roshon Fegan,0.0,0.0,1.0,0
14,6,Maria Menounos,0.0,0.0,1.0,0
14,7,Jaleel White,1.0,0.0,1.0,1
14,7,Melissa Gilbert,0.0,0.0,1.0,0
14,7,William Levy,0.0,0.0,1.0,0
14,7,Katherine Jenkins,0.0,0.0,1.0,0
14,7,Donald Driver,0.0,0.0,1.0,0
14,7,Roshon Fegan,0.0,0.0,1.0,0
14,7,Maria Menounos,0.0,0.0,1.0,0
14,8,Melissa Gilbert,0.5246523388116309,0.08353591260296116,1.0,1
14,8,William Levy,0.0,0.08353591260296116,1.0,0
14,8,Katherine Jenkins,0.0,0.08353591260296116,1.0,0
14,8,Donald Driver,0.0,0.08353591260296116,1.0,0
14,8,Roshon Fegan,0.47534766118836913,0.08353591260296116,1.0,1
14,8,Maria Menounos,0.0,0.08353591260296116,1.0,0
14,9,Katherine Jenkins,0.0,0.0,1.0,0
14,9,William Levy,0.0,0.0,1.0,0
14,9,Maria Menounos,1.0,0.0,1.0,1
14,9,Donald Driver,0.0,0.0,1.0,0
15,1,Joey Fatone,0.0,0.0,1.0,0
15,1,Kirstie Alley,0.0,0.0,1.0,0
15,1,Shawn Johnson,0.0,0.0,1.0,0
15,1,Apolo Anton Ohno,0.0,0.0,1.0,0
15,1,Melissa Rycroft,0.0,0.0,1.0,0
15,1,Sabrina Bryan,0.0,0.0,1.0,0
15,1,Kelly Monaco,0.0,0.0,1.0,0
15,1,Drew Lachey,0.0,0.0,1.0,0
15,1,Helio Castroneves,0.0,0.0,1.0,0
15,1,Gilles Marini,0.0,0.0,1.0,0
15,1,Emmitt Smith,0.0,0.0,1.0,0
15,1,Pamela Anderson,1.0,0.0,1.0,1
15,1,Bristol Palin,0.0,0.0,1.0,0
15,2,Joey Fatone,1.0,0.0,1.0,1
15,2,Kirstie Alley,0.0,0.0,1.0,0
15,2,Shawn Johnson,0.0,0.0,1.0,0
15,2,Apolo Anton Ohno,0.0,0.0,1.0,0
15,2,Melissa Rycroft,0.0,0.0,1.0,0
15,2,Sabrina Bryan,0.0,0.0,1.0,0
15,2,Kelly Monaco,0.0,0.0,1.0,0
15,2,Drew Lachey,0.0,0.0,1.0,0
15,2,Gilles Marini,0.0,0.0,1.0,0
15,2,Emmitt Smith,0.0,0.0,1.0,0
15,2,Helio Castroneves,0.0,0.0,1.0,0
15,2,Bristol Palin,0.0,0.0,1.0,0
15,3,Kirstie Alley,0.0,0.04840450070249546,1.0,0
15,3,Shawn Johnson,0.0,0.04840450070249546,1.0,0
15,3,Apolo Anton Ohno,0.0,0.04840450070249546,1.0,0
15,3,Melissa Rycroft,0.0,0.04840450070249546,1.0,0
15,3,Sabrina Bryan,0.0,0.04840450070249546,1.0,0
15,3,Kelly Monaco,0.0,0.04840450070249546,1.0,0
15,3,Drew Lachey,0.6273764258555133,0.04840450070249546,1.0,1
15,3,Gilles Marini,0.0,0.04840450070249546,1.0,0
15,3,Emmitt Smith,0.0,0.04840450070249546,1.0,0
15,3,Helio Castroneves,0.3726235741444867,0.04840450070249546,1.0,1
15,3,Bristol Palin,0.0,0.04840450070249546,1.0,0
15,4,Kirstie Alley,0.0,0.0,1.0,0
15,4,Shawn Johnson,0.0,0.0,1.0,0
15,4,Apolo Anton Ohno,0.0,0.0,1.0,0
15,4,Melissa Rycroft,0.0,0.0,1.0,0
15,4,Sabrina Bryan,0.0,0.0,1.0,0
15,4,Kelly Monaco,0.0,0.0,1.0,0
15,4,Gilles Marini,0.0,0.0,1.0,0
15,4,Emmitt Smith,0.0,0.0,1.0,0
15,4,Bristol Palin,1.0,0.0,1.0,1
15,6,Kirstie Alley,0.0,0.0,1.0,0
15,6,Shawn Johnson,0.0,0.0,1.0,0
15,6,Apolo Anton Ohno,0.0,0.0,1.0,0
15,6,Melissa Rycroft,0.0,0.0,1.0,0
15,6,Sabrina Bryan,1.0,0.0,1.0,1
15,6,Kelly Monaco,0.0,0.0,1.0,0
15,6,Gilles Marini,0.0,0.0,1.0,0
15,6,Emmitt Smith,0.0,0.0,1.0,0
15,8,Kirstie Alley,0.6130434782608696,0.0750796651363759,1.0,1
15,8,Shawn Johnson,0.0,0.0750796651363759,1.0,0
15,8,Apolo Anton Ohno,0.0,0.0750796651363759,1.0,0
15,8,Melissa Rycroft,0.0,0.0750796651363759,1.0,0
15,8,Kelly Monaco,0.0,0.0750796651363759,1.0,0
15,8,Gilles Marini,0.3869565217391304,0.0750796651363759,1.0,1
15,8,Emmitt Smith,0.0,0.0750796651363759,1.0,0
15,9,Melissa Rycroft,0.0,0.10000255076012654,1.0,0
15,9,Shawn Johnson,0.0,0.10000255076012654,1.0,0
15,9,Kelly Monaco,0.0,0.10000255076012654,1.0,0
15,9,Apolo Anton Ohno,0.49747474747474746,0.10000255076012654,1.0,1
15,9,Emmitt Smith,0.5025252525252525,0.10000255076012654,1.0,1
16,3,Alexandra Raisman,0.0,0.0,1.0,0
16,3,D. L. Hughley,0.0,0.0,1.0,0
16,3,Wynonna Judd,1.0,0.0,1.0,1
16,3,Victor Ortiz,0.0,0.0,1.0,0
16,3,Lisa Vanderpump,0.0,0.0,1.0,0
16,3,Jacoby Jones,0.0,0.0,1.0,0
16,3,Kellie Pickler,0.0,0.0,1.0,0
16,3,Sean Lowe,0.0,0.0,1.0,0
16,3,Zendaya,0.0,0.0,1.0,0
16,3,Ingo Rademacher,0.0,0.0,1.0,0
16,3,Andy Dick,0.0,0.0,1.0,0
16,4,Alexandra Raisman,0.0,0.0,1.0,0
16,4,D. L. Hughley,0.0,0.0,1.0,0
16,4,Victor Ortiz,0.0,0.0,1.0,0
16,4,Lisa Vanderpump,1.0,0.0,1.0,1
16,4,Jacoby Jones,0.0,0.0,1.0,0
16,4,Kellie Pickler,0.0,0.0,1.0,0
16,4,Sean Lowe,0.0,0.0,1.0,0
16,4,Zendaya,0.0,0.0,1.0,0
16,4,Ingo Rademacher,0.0,0.0,1.0,0
16,4,Andy Dick,0.0,0.0,1.0,0
16,5,Alexandra Raisman,0.0,0.0,1.0,0
16,5,D. L. Hughley,1.0,0.0,1.0,1
16,5,Victor Ortiz,0.0,0.0,1.0,0
16,5,Jacoby Jones,0.0,0.0,1.0,0
16,5,Kellie Pickler,0.0,0.0,1.0,0
16,5,Sean Lowe,0.0,0.0,1.0,0
16,5,Zendaya,0.0,0.0,1.0,0
16,5,Ingo Rademacher,0.0,0.0,1.0,0
16,5,Andy Dick,0.0,0.0,1.0,0
16,6,Alexandra Raisman,0.0,0.0,1.0,0
16,6,Victor Ortiz,1.0,0.0,1.0,1
16,6,Jacoby Jones,0.0,0.0,1.0,0
16,6,Kellie Pickler,0.0,0.0,1.0,0
16,6,Sean Lowe,0.0,0.0,1.0,0
16,6,Zendaya,0.0,0.0,1.0,0
16,6,Ingo Rademacher,0.0,0.0,1.0,0
16,6,Andy Dick,0.0,0.0,1.0,0
16,7,Alexandra Raisman,0.0,0.0,1.0,0
16,7,Jacoby Jones,0.0,0.0,1.0,0
16,7,Kellie Pickler,0.0,0.0,1.0,0
16,7,Sean Lowe,0.0,0.0,1.0,0
16,7,Zendaya,0.0,0.0,1.0,0
16,7,Ingo Rademacher,0.0,0.0,1.0,0
16,7,Andy Dick,1.0,0.0,1.0,1
16,8,Alexandra Raisman,0.0,0.0,1.0,0
16,8,Jacoby Jones,0.0,0.0,1.0,0
16,8,Kellie Pickler,0.0,0.0,1.0,0
16,8,Sean Lowe,1.0,0.0,1.0,1
16,8,Zendaya,0.0,0.0,1.0,0
16,8,Ingo Rademacher,0.0,0.0,1.0,0
16,9,Alexandra Raisman,0.0,0.0,1.0,0
16,9,Jacoby Jones,0.0,0.0,1.0,0
16,9,Kellie Pickler,0.0,0.0,1.0,0
16,9,Zendaya,0.0,0.0,1.0,0
16,9,Ingo Rademacher,1.0,0.0,1.0,1
16,10,Zendaya,0.0,0.0,1.0,0
16,10,Jacoby Jones,0.0,0.0,1.0,0
16,10,Kellie Pickler,0.0,0.0,1.0,0
16,10,Alexandra Raisman,1.0,0.0,1.0,1
17,2,Jack Osbourne,0.0,0.0,1.0,0
17,2,Brant Daugherty,0.0,0.0,1.0,0
17,2,Elizabeth Berkley Lauren,0.0,0.0,1.0,0
17,2,Keyshawn Johnson,1.0,0.0,1.0,1
17,2,Corbin Bleu,0.0,0.0,1.0,0
17,2,Amber Riley,0.0,0.0,1.0,0
17,2,Christina Milian,0.0,0.0,1.0,0
17,2,Bill Nye,0.0,0.0,1.0,0
17,2,Valerie Harper,0.0,0.0,1.0,0
17,2,Leah Remini,0.0,0.0,1.0,0
17,2,"Nicole ""Snooki"" Polizzi",0.0,0.0,1.0,0
17,2,Bill Engvall,0.0,0.0,1.0,0
17,3,Jack Osbourne,0.0,0.0,1.0,0
17,3,Brant Daugherty,0.0,0.0,1.0,0
17,3,Elizabeth Berkley Lauren,0.0,0.0,1.0,0
17,3,Corbin Bleu,0.0,0.0,1.0,0
17,3,Amber Riley,0.0,0.0,1.0,0
17,3,Christina Milian,0.0,0.0,1.0,0
17,3,Bill Nye,1.0,0.0,1.0,1
17,3,Valerie Harper,0.0,0.0,1.0,0
17,3,Leah Remini,0.0,0.0,1.0,0
17,3,"Nicole ""Snooki"" Polizzi",0.0,0.0,1.0,0
17,3,Bill Engvall,0.0,0.0,1.0,0
17,4,Jack Osbourne,0.0,0.0,1.0,0
17,4,Brant Daugherty,0.0,0.0,1.0,0
17,4,Elizabeth Berkley Lauren,0.0,0.0,1.0,0
17,4,Corbin Bleu,0.0,0.0,1.0,0
17,4,Amber Riley,0.0,0.0,1.0,0
17,4,Christina Milian,0.0,0.0,1.0,0
17,4,Valerie Harper,1.0,0.0,1.0,1
17,4,Leah Remini,0.0,0.0,1.0,0
17,4,"Nicole ""Snooki"" Polizzi",0.0,0.0,1.0,0
17,4,Bill Engvall,0.0,0.0,1.0,0
17,5,Jack Osbourne,0.0,0.0,1.0,0
17,5,Brant Daugherty,0.0,0.0,1.0,0
17,5,Elizabeth Berkley Lauren,0.0,0.0,1.0,0
17,5,Amber Riley,0.0,0.0,1.0,0
17,5,Corbin Bleu,0.0,0.0,1.0,0
17,5,Christina Milian,1.0,0.0,1.0,1
17,5,Leah Remini,0.0,0.0,1.0,0
17,5,"Nicole ""Snooki"" Polizzi",0.0,0.0,1.0,0
17,5,Bill Engvall,0.0,0.0,1.0,0
17,7,Jack Osbourne,0.0,0.0,1.0,0
17,7,Brant Daugherty,0.0,0.0,1.0,0
17,7,Elizabeth Berkley Lauren,0.0,0.0,1.0,0
17,7,Amber Riley,0.0,0.0,1.0,0
17,7,Corbin Bleu,0.0,0.0,1.0,0
17,7,Leah Remini,0.0,0.0,1.0,0
17,7,"Nicole ""Snooki"" Polizzi",1.0,0.0,1.0,1
17,7,Bill Engvall,0.0,0.0,1.0,0
17,8,Jack Osbourne,0.0,0.0,1.0,0
17,8,Brant Daugherty,1.0,0.0,1.0,1
17,8,Elizabeth Berkley Lauren,0.0,0.0,1.0,0
17,8,Amber Riley,0.0,0.0,1.0,0
17,8,Corbin Bleu,0.0,0.0,1.0,0
17,8,Leah Remini,0.0,0.0,1.0,0
17,8,Bill Engvall,0.0,0.0,1.0,0
17,9,Jack Osbourne,0.0,0.0,1.0,0
17,9,Elizabeth Berkley Lauren,1.0,0.0,1.0,1
17,9,Corbin Bleu,0.0,0.0,1.0,0
17,9,Amber Riley,0.0,0.0,1.0,0
17,9,Leah Remini,0.0,0.0,1.0,0
17,9,Bill Engvall,0.0,0.0,1.0,0
17,10,Jack Osbourne,0.0,0.0,1.0,0
17,10,Corbin Bleu,0.0,0.0,1.0,0
17,10,Amber Riley,0.0,0.0,1.0,0
17,10,Leah Remini,1.0,0.0,1.0,1
17,10,Bill Engvall,0.0,0.0,1.0,0
17,11,Jack Osbourne,0.0,0.0,1.0,0
17,11,Corbin Bleu,0.0,0.0,1.0,0
17,11,Bill Engvall,1.0,0.0,1.0,1
17,11,Amber Riley,0.0,0.0,1.0,0
18,2,Meryl Davis,0.0,0.07534957229930421,1.0,0
18,2,Charlie White,0.0,0.07534957229930421,1.0,0
18,2,Danica McKellar,0.0,0.07534957229930421,1.0,0
18,2,Sean Avery,0.05044751830756713,0.07534957229930421,1.0,1
18,2,NeNe Leakes,0.0,0.07534957229930421,1.0,0
18,2,Diana Nyad,0.9495524816924329,0.07534957229930421,1.0,1
18,2,Amy Purdy,0.0,0.07534957229930421,1.0,0
18,2,James Maslow,0.0,0.07534957229930421,1.0,0
18,2,Candace Cameron Bure,0.0,0.07534957229930421,1.0,0
18,2,Cody Simpson,0.0,0.07534957229930421,1.0,0
18,2,Drew Carey,0.0,0.07534957229930421,1.0,0
18,2,Billy Dee Williams,0.0,0.07534957229930421,1.0,0
18,5,Meryl Davis,0.0,0.0,1.0,0
18,5,Charlie White,0.0,0.0,1.0,0
18,5,Danica McKellar,0.0,0.0,1.0,0
18,5,NeNe Leakes,0.0,0.0,1.0,0
18,5,Amy Purdy,0.0,0.0,1.0,0
18,5,James Maslow,0.0,0.0,1.0,0
18,5,Candace Cameron Bure,0.0,0.0,1.0,0
18,5,Cody Simpson,1.0,0.0,1.0,1
18,5,Drew Carey,0.0,0.0,1.0,0
18,6,Meryl Davis,0.0,0.0,1.0,0
18,6,Charlie White,0.0,0.0,1.0,0
18,6,Danica McKellar,0.0,0.0,1.0,0
18,6,NeNe Leakes,0.0,0.0,1.0,0
18,6,Amy Purdy,0.0,0.0,1.0,0
18,6,James Maslow,0.0,0.0,1.0,0
18,6,Candace Cameron Bure,0.0,0.0,1.0,0
18,6,Drew Carey,1.0,0.0,1.0,1
18,7,Meryl Davis,0.0,0.0,1.0,0
18,7,Charlie White,0.0,0.0,1.0,0
18,7,Danica McKellar,0.0,0.0,1.0,0
18,7,Amy Purdy,0.0,0.0,1.0,0
18,7,James Maslow,0.0,0.0,1.0,0
18,7,Candace Cameron Bure,0.0,0.0,1.0,0
18,7,NeNe Leakes,1.0,0.0,1.0,1
18,8,Meryl Davis,0.0,0.0,1.0,0
18,8,Charlie White,0.0,0.0,1.0,0
18,8,Danica McKellar,1.0,0.0,1.0,1
18,8,Amy Purdy,0.0,0.0,1.0,0
18,8,James Maslow,0.0,0.0,1.0,0
18,8,Candace Cameron Bure,0.0,0.0,1.0,0
18,9,Meryl Davis,0.0,0.0,1.0,0
18,9,Charlie White,1.0,0.0,1.0,1
18,9,Amy Purdy,0.0,0.0,1.0,0
18,9,James Maslow,0.0,0.0,1.0,0
18,9,Candace Cameron Bure,0.0,0.0,1.0,0
18,10,Meryl Davis,0.0,0.0,1.0,0
18,10,Amy Purdy,0.0,0.0,1.0,0
18,10,James Maslow,1.0,0.0,1.0,1
18,10,Candace Cameron Bure,0.0,0.0,1.0,0
19,1,Lolo Jones,1.0,0.0,1.0,1
19,1,Jonathan Bennett,0.0,0.0,1.0,0
19,1,Tavis Smiley,0.0,0.0,1.0,0
19,1,Lea Thompson,0.0,0.0,1.0,0
19,1,Sadie Robertson,0.0,0.0,1.0,0
19,1,Randy Couture,0.0,0.0,1.0,0
19,1,Bethany Mota,0.0,0.0,1.0,0
19,1,Michael Waltrip,0.0,0.0,1.0,0
19,1,Alfonso Ribeiro,0.0,0.0,1.0,0
19,1,Antonio Sabato Jr.,0.0,0.0,1.0,0
19,1,Tommy Chong,0.0,0.0,1.0,0
19,1,Janel Parrish,0.0,0.0,1.0,0
19,1,Betsey Johnson,0.0,0.0,1.0,0
19,2,Jonathan Bennett,0.0,0.0,1.0,0
19,2,Tavis Smiley,1.0,0.0,1.0,1
19,2,Lea Thompson,0.0,0.0,1.0,0
19,2,Sadie Robertson,0.0,0.0,1.0,0
19,2,Randy Couture,0.0,0.0,1.0,0
19,2,Bethany Mota,0.0,0.0,1.0,0
19,2,Michael Waltrip,0.0,0.0,1.0,0
19,2,Alfonso Ribeiro,0.0,0.0,1.0,0
19,2,Antonio Sabato Jr.,0.0,0.0,1.0,0
19,2,Tommy Chong,0.0,0.0,1.0,0
19,2,Janel Parrish,0.0,0.0,1.0,0
19,2,Betsey Johnson,0.0,0.0,1.0,0
19,3,Jonathan Bennett,0.0,0.0,1.0,0
19,3,Lea Thompson,0.0,0.0,1.0,0
19,3,Sadie Robertson,0.0,0.0,1.0,0
19,3,Randy Couture,1.0,0.0,1.0,1
19,3,Bethany Mota,0.0,0.0,1.0,0
19,3,Michael Waltrip,0.0,0.0,1.0,0
19,3,Alfonso Ribeiro,0.0,0.0,1.0,0
19,3,Antonio Sabato Jr.,0.0,0.0,1.0,0
19,3,Tommy Chong,0.0,0.0,1.0,0
19,3,Janel Parrish,0.0,0.0,1.0,0
19,3,Betsey Johnson,0.0,0.0,1.0,0
19,4,Jonathan Bennett,0.0,0.0,1.0,0
19,4,Lea Thompson,0.0,0.0,1.0,0
19,4,Sadie Robertson,0.0,0.0,1.0,0
19,4,Bethany Mota,0.0,0.0,1.0,0
19,4,Michael Waltrip,0.0,0.0,1.0,0
19,4,Alfonso Ribeiro,0.0,0.0,1.0,0
19,4,Antonio Sabato Jr.,0.0,0.0,1.0,0
19,4,Tommy Chong,0.0,0.0,1.0,0
19,4,Janel Parrish,0.0,0.0,1.0,0
19,4,Betsey Johnson,1.0,0.0,1.0,1
19,6,Jonathan Bennett,1.0,0.0,1.0,1
19,6,Lea Thompson,0.0,0.0,1.0,0
19,6,Sadie Robertson,0.0,0.0,1.0,0
19,6,Bethany Mota,0.0,0.0,1.0,0
19,6,Michael Waltrip,0.0,0.0,1.0,0
19,6,Alfonso Ribeiro,0.0,0.0,1.0,0
19,6,Antonio Sabato Jr.,0.0,0.0,1.0,0
19,6,Tommy Chong,0.0,0.0,1.0,0
19,6,Janel Parrish,0.0,0.0,1.0,0
19,7,Lea Thompson,0.0,0.0,1.0,0
19,7,Sadie Robertson,0.0,0.0,1.0,0
19,7,Bethany Mota,0.0,0.0,1.0,0
19,7,Michael Waltrip,0.0,0.0,1.0,0
19,7,Alfonso Ribeiro,0.0,0.0,1.0,0
19,7,Antonio Sabato Jr.,1.0,0.0,1.0,1
19,7,Tommy Chong,0.0,0.0,1.0,0
19,7,Janel Parrish,0.0,0.0,1.0,0
19,8,Lea Thompson,0.0,0.0,1.0,0
19,8,Sadie Robertson,0.0,0.0,1.0,0
19,8,Bethany Mota,0.0,0.0,1.0,0
19,8,Michael Waltrip,1.0,0.0,1.0,1
19,8,Alfonso Ribeiro,0.0,0.0,1.0,0
19,8,Tommy Chong,0.0,0.0,1.0,0
19,8,Janel Parrish,0.0,0.0,1.0,0
19,9,Lea Thompson,1.0,0.0,1.0,1
19,9,Sadie Robertson,0.0,0.0,1.0,0
19,9,Bethany Mota,0.0,0.0,1.0,0
19,9,Alfonso Ribeiro,0.0,0.0,1.0,0
19,9,Tommy Chong,0.0,0.0,1.0,0
19,9,Janel Parrish,0.0,0.0,1.0,0
19,10,Sadie Robertson,0.0,0.0,1.0,0
19,10,Bethany Mota,0.0,0.0,1.0,0
19,10,Alfonso Ribeiro,0.0,0.0,1.0,0
19,10,Tommy Chong,1.0,0.0,1.0,1
19,10,Janel Parrish,0.0,0.0,1.0,0
19,11,Sadie Robertson,0.0,0.0,1.0,0
19,11,Alfonso Ribeiro,0.0,0.0,1.0,0
19,11,Bethany Mota,1.0,0.0,1.0,1
19,11,Janel Parrish,0.0,0.0,1.0,0
20,2,Rumer Willis,0.0,0.0,1.0,0
20,2,Robert Herjavec,0.0,0.0,1.0,0
20,2,Noah Galloway,0.0,0.0,1.0,0
20,2,Redfoo,1.0,0.0,1.0,1
20,2,Charlotte McKinney,0.0,0.0,1.0,0
20,2,Patti LaBelle,0.0,0.0,1.0,0
20,2,Nastia Liukin,0.0,0.0,1.0,0
20,2,Suzanne Somers,0.0,0.0,1.0,0
20,2,Chris Soules,0.0,0.0,1.0,0
20,2,Riker Lynch,0.0,0.0,1.0,0
20,2,Willow Shields,0.0,0.0,1.0,0
20,2,Michael Sam,0.0,0.0,1.0,0
20,3,Rumer Willis,0.0,0.0,1.0,0
20,3,Robert Herjavec,0.0,0.0,1.0,0
20,3,Noah Galloway,0.0,0.0,1.0,0
20,3,Patti LaBelle,0.0,0.0,1.0,0
20,3,Charlotte McKinney,1.0,0.0,1.0,1
20,3,Nastia Liukin,0.0,0.0,1.0,0
20,3,Suzanne Somers,0.0,0.0,1.0,0
20,3,Chris Soules,0.0,0.0,1.0,0
20,3,Riker Lynch,0.0,0.0,1.0,0
20,3,Willow Shields,0.0,0.0,1.0,0
20,3,Michael Sam,0.0,0.0,1.0,0
20,4,Rumer Willis,0.0,0.0,1.0,0
20,4,Robert Herjavec,0.0,0.0,1.0,0
20,4,Noah Galloway,0.0,0.0,1.0,0
20,4,Patti LaBelle,0.0,0.0,1.0,0
20,4,Nastia Liukin,0.0,0.0,1.0,0
20,4,Suzanne Somers,0.0,0.0,1.0,0
20,4,Chris Soules,0.0,0.0,1.0,0
20,4,Riker Lynch,0.0,0.0,1.0,0
20,4,Willow Shields,0.0,0.0,1.0,0
20,4,Michael Sam,1.0,0.0,1.0,1
20,5,Rumer Willis,0.0,0.0,1.0,0
20,5,Robert Herjavec,0.0,0.0,1.0,0
20,5,Noah Galloway,0.0,0.0,1.0,0
20,5,Patti LaBelle,0.0,0.0,1.0,0
20,5,Nastia Liukin,0.0,0.0,1.0,0
20,5,Suzanne Somers,1.0,0.0,1.0,1
20,5,Chris Soules,0.0,0.0,1.0,0
20,5,Riker Lynch,0.0,0.0,1.0,0
20,5,Willow Shields,0.0,0.0,1.0,0
20,6,Rumer Willis,0.0,0.0,1.0,0
20,6,Robert Herjavec,0.0,0.0,1.0,0
20,6,Noah Galloway,0.0,0.0,1.0,0
20,6,Patti LaBelle,1.0,0.0,1.0,1
20,6,Nastia Liukin,0.0,0.0,1.0,0
20,6,Chris Soules,0.0,0.0,1.0,0
20,6,Riker Lynch,0.0,0.0,1.0,0
20,6,Willow Shields,0.0,0.0,1.0,0
20,7,Rumer Willis,0.0,0.0,1.0,0
20,7,Robert Herjavec,0.0,0.0,1.0,0
20,7,Noah Galloway,0.0,0.0,1.0,0
20,7,Nastia Liukin,0.0,0.0,1.0,0
20,7,Chris Soules,0.0,0.0,1.0,0
20,7,Riker Lynch,0.0,0.0,1.0,0
20,7,Willow Shields,1.0,0.0,1.0,1
20,8,Rumer Willis,0.0,0.08336933544545726,1.0,0
20,8,Robert Herjavec,0.4896073903002309,0.08336933544545726,1.0,1
20,8,Noah Galloway,0.0,0.08336933544545726,1.0,0
20,8,Nastia Liukin,0.0,0.08336933544545726,1.0,0
20,8,Chris Soules,0.5103926096997691,0.08336933544545726,1.0,1
20,8,Riker Lynch,0.0,0.08336933544545726,1.0,0
20,9,Riker Lynch,0.0,0.0,1.0,0
20,9,Rumer Willis,0.0,0.0,1.0,0
20,9,Nastia Liukin,1.0,0.0,1.0,1
20,9,Noah Galloway,0.0,0.0,1.0,0
21,2,Tamar Braxton,0.0,0.04305259585843208,1.0,0
21,2,Alexa PenaVega,0.0,0.04305259585843208,1.0,0
21,2,Gary Busey,0.0,0.04305259585843208,1.0,0
21,2,Carlos PenaVega,0.0,0.04305259585843208,1.0,0
21,2,Hayes Grier,0.0,0.04305259585843208,1.0,0
21,2,Kim Zolciak-Biermann,0.0,0.04305259585843208,1.0,0
21,2,Nick Carter,0.0,0.04305259585843208,1.0,0
21,2,Paula Deen,0.0,0.04305259585843208,1.0,0
21,2,Chaka Khan,0.6727480045610034,0.04305259585843208,1.0,1
21,2,Andy Grammer,0.0,0.04305259585843208,1.0,0
21,2,Alek Skarlatos,0.0,0.04305259585843208,1.0,0
21,2,Bindi Irwin,0.0,0.04305259585843208,1.0,0
21,2,Victor Espinoza,0.3272519954389966,0.04305259585843208,1.0,1
21,4,Tamar Braxton,0.0,0.0,1.0,0
21,4,Alexa PenaVega,0.0,0.0,1.0,0
21,4,Gary Busey,1.0,0.0,1.0,1
21,4,Carlos PenaVega,0.0,0.0,1.0,0
21,4,Hayes Grier,0.0,0.0,1.0,0
21,4,Nick Carter,0.0,0.0,1.0,0
21,4,Paula Deen,0.0,0.0,1.0,0
21,4,Andy Grammer,0.0,0.0,1.0,0
21,4,Alek Skarlatos,0.0,0.0,1.0,0
21,4,Bindi Irwin,0.0,0.0,1.0,0
21,6,Tamar Braxton,0.0,0.0,1.0,0
21,6,Alexa PenaVega,0.0,0.0,1.0,0
21,6,Carlos PenaVega,0.0,0.0,1.0,0
21,6,Hayes Grier,0.0,0.0,1.0,0
21,6,Nick Carter,0.0,0.0,1.0,0
21,6,Paula Deen,1.0,0.0,1.0,1
21,6,Andy Grammer,0.0,0.0,1.0,0
21,6,Alek Skarlatos,0.0,0.0,1.0,0
21,6,Bindi Irwin,0.0,0.0,1.0,0
21,7,Tamar Braxton,0.0,0.0,1.0,0
21,7,Alexa PenaVega,0.0,0.0,1.0,0
21,7,Carlos PenaVega,0.0,0.0,1.0,0
21,7,Hayes Grier,1.0,0.0,1.0,1
21,7,Nick Carter,0.0,0.0,1.0,0
21,7,Andy Grammer,0.0,0.0,1.0,0
21,7,Alek Skarlatos,0.0,0.0,1.0,0
21,7,Bindi Irwin,0.0,0.0,1.0,0
21,8,Tamar Braxton,0.0,0.0,1.0,0
21,8,Alexa PenaVega,0.0,0.0,1.0,0
21,8,Carlos PenaVega,0.0,0.0,1.0,0
21,8,Nick Carter,0.0,0.0,1.0,0
21,8,Andy Grammer,1.0,0.0,1.0,1
21,8,Alek Skarlatos,0.0,0.0,1.0,0
21,8,Bindi Irwin,0.0,0.0,1.0,0
21,9,Tamar Braxton,0.0,0.0,1.0,0
21,9,Alexa PenaVega,1.0,0.0,1.0,1
21,9,Carlos PenaVega,0.0,0.0,1.0,0
21,9,Nick Carter,0.0,0.0,1.0,0
21,9,Alek Skarlatos,0.0,0.0,1.0,0
21,9,Bindi Irwin,0.0,0.0,1.0,0
21,11,Bindi Irwin,0.0,0.0,1.0,0
21,11,Alek Skarlatos,0.0,0.0,1.0,0
21,11,Nick Carter,0.0,0.0,1.0,0
21,11,Carlos PenaVega,1.0,0.0,1.0,1
22,2,Geraldo Rivera,1.0,0.0,1.0,1
22,2,Kim Fields,0.0,0.0,1.0,0
22,2,Paige VanZant,0.0,0.0,1.0,0
22,2,Nyle DiMarco,0.0,0.0,1.0,0
22,2,Marla Maples,0.0,0.0,1.0,0
22,2,Wanya Morris,0.0,0.0,1.0,0
22,2,Doug Flutie,0.0,0.0,1.0,0
22,2,Mischa Barton,0.0,0.0,1.0,0
22,2,Jodie Sweetin,0.0,0.0,1.0,0
22,2,Von Miller,0.0,0.0,1.0,0
22,2,Ginger Zee,0.0,0.0,1.0,0
22,2,Antonio Brown,0.0,0.0,1.0,0
22,3,Kim Fields,0.0,0.0,1.0,0
22,3,Paige VanZant,0.0,0.0,1.0,0
22,3,Nyle DiMarco,0.0,0.0,1.0,0
22,3,Marla Maples,0.0,0.0,1.0,0
22,3,Wanya Morris,0.0,0.0,1.0,0
22,3,Doug Flutie,0.0,0.0,1.0,0
22,3,Mischa Barton,1.0,0.0,1.0,1
22,3,Jodie Sweetin,0.0,0.0,1.0,0
22,3,Von Miller,0.0,0.0,1.0,0
22,3,Ginger Zee,0.0,0.0,1.0,0
22,3,Antonio Brown,0.0,0.0,1.0,0
22,4,Kim Fields,0.0,0.0,1.0,0
22,4,Paige VanZant,0.0,0.0,1.0,0
22,4,Nyle DiMarco,0.0,0.0,1.0,0
22,4,Marla Maples,1.0,0.0,1.0,1
22,4,Wanya Morris,0.0,0.0,1.0,0
22,4,Doug Flutie,0.0,0.0,1.0,0
22,4,Jodie Sweetin,0.0,0.0,1.0,0
22,4,Von Miller,0.0,0.0,1.0,0
22,4,Ginger Zee,0.0,0.0,1.0,0
22,4,Antonio Brown,0.0,0.0,1.0,0
22,6,Kim Fields,0.0,0.0,1.0,0
22,6,Paige VanZant,0.0,0.0,1.0,0
22,6,Nyle DiMarco,0.0,0.0,1.0,0
22,6,Wanya Morris,0.0,0.0,1.0,0
22,6,Doug Flutie,1.0,0.0,1.0,1
22,6,Jodie Sweetin,0.0,0.0,1.0,0
22,6,Von Miller,0.0,0.0,1.0,0
22,6,Ginger Zee,0.0,0.0,1.0,0
22,6,Antonio Brown,0.0,0.0,1.0,0
22,7,Paige VanZant,0.0,0.06265574718455766,1.0,0
22,7,Kim Fields,0.5249597423510467,0.06265574718455766,1.0,1
22,7,Nyle DiMarco,0.0,0.06265574718455766,1.0,0
22,7,Wanya Morris,0.0,0.06265574718455766,1.0,0
22,7,Jodie Sweetin,0.0,0.06265574718455766,1.0,0
22,7,Von Miller,0.4750402576489533,0.06265574718455766,1.0,1
22,7,Ginger Zee,0.0,0.06265574718455766,1.0,0
22,7,Antonio Brown,0.0,0.06265574718455766,1.0,0
22,8,Paige VanZant,0.0,0.0,1.0,0
22,8,Nyle DiMarco,0.0,0.0,1.0,0
22,8,Wanya Morris,0.0,0.0,1.0,0
22,8,Jodie Sweetin,1.0,0.0,1.0,1
22,8,Ginger Zee,0.0,0.0,1.0,0
22,8,Antonio Brown,0.0,0.0,1.0,0
22,9,Paige VanZant,0.0,0.10070979081968094,1.0,0
22,9,Nyle DiMarco,0.0,0.10070979081968094,1.0,0
22,9,Wanya Morris,0.45787545787545786,0.10070979081968094,1.0,1
22,9,Ginger Zee,0.0,0.10070979081968094,1.0,0
22,9,Antonio Brown,0.5421245421245421,0.10070979081968094,1.0,1
23,2,Babyface,0.0,0.0,1.0,0
23,2,Jana Kramer,0.0,0.0,1.0,0
23,2,Calvin Johnson Jr.,0.0,0.0,1.0,0
23,2,Ryan Lochte,0.0,0.0,1.0,0
23,2,Marilu Henner,0.0,0.0,1.0,0
23,2,Amber Rose,0.0,0.0,1.0,0
23,2,Rick Perry,0.0,0.0,1.0,0
23,2,Maureen McCormick,0.0,0.0,1.0,0
23,2,Laurie Hernandez,0.0,0.0,1.0,0
23,2,Vanilla Ice,0.0,0.0,1.0,0
23,2,Terra Jole,0.0,0.0,1.0,0
23,2,James Hinchcliffe,0.0,0.0,1.0,0
23,2,Jake T. Austin,1.0,0.0,1.0,1
23,3,Babyface,0.0,0.0,1.0,0
23,3,Jana Kramer,0.0,0.0,1.0,0
23,3,Calvin Johnson Jr.,0.0,0.0,1.0,0
23,3,Ryan Lochte,0.0,0.0,1.0,0
23,3,Marilu Henner,0.0,0.0,1.0,0
23,3,Amber Rose,0.0,0.0,1.0,0
23,3,Rick Perry,1.0,0.0,1.0,1
23,3,Maureen McCormick,0.0,0.0,1.0,0
23,3,Laurie Hernandez,0.0,0.0,1.0,0
23,3,Vanilla Ice,0.0,0.0,1.0,0
23,3,Terra Jole,0.0,0.0,1.0,0
23,3,James Hinchcliffe,0.0,0.0,1.0,0
23,4,Babyface,0.746938775510204,0.056541592518268916,1.0,1
23,4,Jana Kramer,0.0,0.056541592518268916,1.0,0
23,4,Calvin Johnson Jr.,0.0,0.056541592518268916,1.0,0
23,4,Ryan Lochte,0.0,0.056541592518268916,1.0,0
23,4,Marilu Henner,0.0,0.056541592518268916,1.0,0
23,4,Amber Rose,0.0,0.056541592518268916,1.0,0
23,4,Maureen McCormick,0.0,0.056541592518268916,1.0,0
23,4,Laurie Hernandez,0.0,0.056541592518268916,1.0,0
23,4,Vanilla Ice,0.2530612244897959,0.056541592518268916,1.0,1
23,4,Terra Jole,0.0,0.056541592518268916,1.0,0
23,4,James Hinchcliffe,0.0,0.056541592518268916,1.0,0
23,6,Jana Kramer,0.0,0.0,1.0,0
23,6,Calvin Johnson Jr.,0.0,0.0,1.0,0
23,6,Ryan Lochte,0.0,0.0,1.0,0
23,6,Marilu Henner,0.0,0.0,1.0,0
23,6,Amber Rose,1.0,0.0,1.0,1
23,6,Maureen McCormick,0.0,0.0,1.0,0
23,6,Laurie Hernandez,0.0,0.0,1.0,0
23,6,Terra Jole,0.0,0.0,1.0,0
23,6,James Hinchcliffe,0.0,0.0,1.0,0
23,7,Jana Kramer,0.0,0.0,1.0,0
23,7,Calvin Johnson Jr.,0.0,0.0,1.0,0
23,7,Ryan Lochte,0.0,0.0,1.0,0
23,7,Marilu Henner,0.0,0.0,1.0,0
23,7,Maureen McCormick,1.0,0.0,1.0,1
23,7,Laurie Hernandez,0.0,0.0,1.0,0
23,7,Terra Jole,0.0,0.0,1.0,0
23,7,James Hinchcliffe,0.0,0.0,1.0,0
23,8,Jana Kramer,0.0,0.0,1.0,0
23,8,Calvin Johnson Jr.,0.0,0.0,1.0,0
23,8,Ryan Lochte,1.0,0.0,1.0,1
23,8,Marilu Henner,0.0,0.0,1.0,0
23,8,Laurie Hernandez,0.0,0.0,1.0,0
23,8,Terra Jole,0.0,0.0,1.0,0
23,8,James Hinchcliffe,0.0,0.0,1.0,0
23,9,Jana Kramer,0.0,0.0,1.0,0
23,9,Calvin Johnson Jr.,0.0,0.0,1.0,0
23,9,Marilu Henner,1.0,0.0,1.0,1
23,9,Laurie Hernandez,0.0,0.0,1.0,0
23,9,Terra Jole,0.0,0.0,1.0,0
23,9,James Hinchcliffe,0.0,0.0,1.0,0
23,10,Jana Kramer,0.0,0.0,1.0,0
23,10,Calvin Johnson Jr.,0.0,0.0,1.0,0
23,10,Laurie Hernandez,0.0,0.0,1.0,0
23,10,Terra Jole,1.0,0.0,1.0,1
23,10,James Hinchcliffe,0.0,0.0,1.0,0
23,11,Jana Kramer,1.0,0.0,1.0,1
23,11,Calvin Johnson Jr.,0.0,0.0,1.0,0
23,11,Laurie Hernandez,0.0,0.0,1.0,0
23,11,James Hinchcliffe,0.0,0.0,1.0,0
24,2,Erika Jayne,0.0,0.0,1.0,0
24,2,Normani,0.0,0.0,1.0,0
24,2,David Ross,0.0,0.0,1.0,0
24,2,Bonner Bolton,0.0,0.0,1.0,0
24,2,Heather Morris,0.0,0.0,1.0,0
24,2,Chris Kattan,1.0,0.0,1.0,1
24,2,Nancy Kerrigan,0.0,0.0,1.0,0
24,2,Simone Biles,0.0,0.0,1.0,0
24,2,Nick Viall,0.0,0.0,1.0,0
24,2,Rashad Jennings,0.0,0.0,1.0,0
24,2,Mr. T,0.0,0.0,1.0,0
24,2,Charo,0.0,0.0,1.0,0
24,3,Erika Jayne,0.0,0.0,1.0,0
24,3,Normani,0.0,0.0,1.0,0
24,3,David Ross,0.0,0.0,1.0,0
24,3,Bonner Bolton,0.0,0.0,1.0,0
24,3,Heather Morris,0.0,0.0,1.0,0
24,3,Nancy Kerrigan,0.0,0.0,1.0,0
24,3,Simone Biles,0.0,0.0,1.0,0
24,3,Nick Viall,0.0,0.0,1.0,0
24,3,Rashad Jennings,0.0,0.0,1.0,0
24,3,Mr. T,0.0,0.0,1.0,0
24,3,Charo,1.0,0.0,1.0,1
24,4,Erika Jayne,0.0,0.0,1.0,0
24,4,Normani,0.0,0.0,1.0,0
24,4,David Ross,0.0,0.0,1.0,0
24,4,Bonner Bolton,0.0,0.0,1.0,0
24,4,Heather Morris,0.0,0.0,1.0,0
24,4,Nancy Kerrigan,0.0,0.0,1.0,0
24,4,Simone Biles,0.0,0.0,1.0,0
24,4,Nick Viall,0.0,0.0,1.0,0
24,4,Mr. T,1.0,0.0,1.0,1
24,4,Rashad Jennings,0.0,0.0,1.0,0
24,5,Erika Jayne,1.0,0.0,1.0,1
24,5,David Ross,0.0,0.0,1.0,0
24,5,Bonner Bolton,0.0,0.0,1.0,0
24,5,Heather Morris,0.0,0.0,1.0,0
24,5,Nancy Kerrigan,0.0,0.0,1.0,0
24,5,Simone Biles,0.0,0.0,1.0,0
24,5,Nick Viall,0.0,0.0,1.0,0
24,5,Normani,0.0,0.0,1.0,0
24,5,Rashad Jennings,0.0,0.0,1.0,0
24,6,David Ross,0.0,0.0,1.0,0
24,6,Bonner Bolton,0.0,0.0,1.0,0
24,6,Heather Morris,1.0,0.0,1.0,1
24,6,Nancy Kerrigan,0.0,0.0,1.0,0
24,6,Simone Biles,0.0,0.0,1.0,0
24,6,Nick Viall,0.0,0.0,1.0,0
24,6,Normani,0.0,0.0,1.0,0
24,6,Rashad Jennings,0.0,0.0,1.0,0
24,7,David Ross,0.0,0.07296507936507934,1.0,0
24,7,Bonner Bolton,0.0,0.07296507936507934,1.0,0
24,7,Nancy Kerrigan,0.4266666666666667,0.07296507936507934,1.0,1
24,7,Simone Biles,0.0,0.07296507936507934,1.0,0
24,7,Nick Viall,0.5733333333333334,0.07296507936507934,1.0,1
24,7,Normani,0.0,0.07296507936507934,1.0,0
24,7,Rashad Jennings,0.0,0.07296507936507934,1.0,0
24,8,David Ross,0.0,0.0,1.0,0
24,8,Bonner Bolton,1.0,0.0,1.0,1
24,8,Simone Biles,0.0,0.0,1.0,0
24,8,Normani,0.0,0.0,1.0,0
24,8,Rashad Jennings,0.0,0.0,1.0,0
24,9,Simone Biles,1.0,0.0,1.0,1
24,9,Normani,0.0,0.0,1.0,0
24,9,David Ross,0.0,0.0,1.0,0
24,9,Rashad Jennings,0.0,0.0,1.0,0
25,2,Barbara Corcoran,0.6756756756756757,0.04320952969601618,1.0,1
25,2,Sasha Pieterse,0.0,0.04320952969601618,1.0,0
25,2,Drew Scott,0.0,0.04320952969601618,1.0,0
25,2,Derek Fisher,0.0,0.04320952969601618,1.0,0
25,2,Frankie Muniz,0.0,0.04320952969601618,1.0,0
25,2,Terrell Owens,0.0,0.04320952969601618,1.0,0
25,2,Nick Lachey,0.0,0.04320952969601618,1.0,0
25,2,Victoria Arlen,0.0,0.04320952969601618,1.0,0
25,2,Lindsey Stirling,0.0,0.04320952969601618,1.0,0
25,2,Nikki Bella,0.0,0.04320952969601618,1.0,0
25,2,Jordan Fisher,0.0,0.04320952969601618,1.0,0
25,2,Debbie Gibson,0.32432432432432434,0.04320952969601618,1.0,1
25,2,Vanessa Lachey,0.0,0.04320952969601618,1.0,0
25,4,Sasha Pieterse,0.0,0.0,1.0,0
25,4,Drew Scott,0.0,0.0,1.0,0
25,4,Derek Fisher,1.0,0.0,1.0,1
25,4,Frankie Muniz,0.0,0.0,1.0,0
25,4,Terrell Owens,0.0,0.0,1.0,0
25,4,Nick Lachey,0.0,0.0,1.0,0
25,4,Victoria Arlen,0.0,0.0,1.0,0
25,4,Lindsey Stirling,0.0,0.0,1.0,0
25,4,Nikki Bella,0.0,0.0,1.0,0
25,4,Jordan Fisher,0.0,0.0,1.0,0
25,4,Vanessa Lachey,0.0,0.0,1.0,0
25,5,Sasha Pieterse,1.0,0.0,1.0,1
25,5,Drew Scott,0.0,0.0,1.0,0
25,5,Frankie Muniz,0.0,0.0,1.0,0
25,5,Terrell Owens,0.0,0.0,1.0,0
25,5,Nick Lachey,0.0,0.0,1.0,0
25,5,Victoria Arlen,0.0,0.0,1.0,0
25,5,Lindsey Stirling,0.0,0.0,1.0,0
25,5,Nikki Bella,0.0,0.0,1.0,0
25,5,Jordan Fisher,0.0,0.0,1.0,0
25,5,Vanessa Lachey,0.0,0.0,1.0,0
25,6,Drew Scott,0.0,0.0,1.0,0
25,6,Frankie Muniz,0.0,0.0,1.0,0
25,6,Terrell Owens,0.0,0.0,1.0,0
25,6,Nick Lachey,1.0,0.0,1.0,1
25,6,Victoria Arlen,0.0,0.0,1.0,0
25,6,Lindsey Stirling,0.0,0.0,1.0,0
25,6,Nikki Bella,0.0,0.0,1.0,0
25,6,Jordan Fisher,0.0,0.0,1.0,0
25,6,Vanessa Lachey,0.0,0.0,1.0,0
25,7,Drew Scott,0.0,0.06529086298210691,1.0,0
25,7,Frankie Muniz,0.0,0.06529086298210691,1.0,0
25,7,Terrell Owens,0.0,0.06529086298210691,1.0,0
25,7,Victoria Arlen,0.0,0.06529086298210691,1.0,0
25,7,Lindsey Stirling,0.0,0.06529086298210691,1.0,0
25,7,Nikki Bella,0.6056572379367721,0.06529086298210691,1.0,1
25,7,Jordan Fisher,0.0,0.06529086298210691,1.0,0
25,7,Vanessa Lachey,0.39434276206322794,0.06529086298210691,1.0,1
25,8,Drew Scott,0.0,0.0,1.0,0
25,8,Frankie Muniz,0.0,0.0,1.0,0
25,8,Terrell Owens,1.0,0.0,1.0,1
25,8,Victoria Arlen,0.0,0.0,1.0,0
25,8,Lindsey Stirling,0.0,0.0,1.0,0
25,8,Jordan Fisher,0.0,0.0,1.0,0
25,9,Drew Scott,0.0,0.0,1.0,0
25,9,Frankie Muniz,0.0,0.0,1.0,0
25,9,Victoria Arlen,1.0,0.0,1.0,1
25,9,Lindsey Stirling,0.0,0.0,1.0,0
25,9,Jordan Fisher,0.0,0.0,1.0,0
25,10,Jordan Fisher,0.0,0.0,1.0,0
25,10,Drew Scott,1.0,0.0,1.0,1
25,10,Frankie Muniz,0.0,0.0,1.0,0
25,10,Lindsey Stirling,0.0,0.0,1.0,0
26,1,Jennie Finch Daigle,0.0,0.050308021227690645,1.0,0
26,1,Arike Ogunbowale,0.0,0.050308021227690645,1.0,0
26,1,Kareem Abdul-Jabbar,0.0,0.050308021227690645,1.0,0
26,1,Mirai Nagasu,0.0,0.050308021227690645,1.0,0
26,1,Tonya Harding,0.0,0.050308021227690645,1.0,0
26,1,Chris Mazdzer,0.0,0.050308021227690645,1.0,0
26,1,Josh Norman,0.0,0.050308021227690645,1.0,0
26,1,Jamie Anderson,0.46075581395348836,0.050308021227690645,1.0,1
26,1,Johnny Damon,0.5392441860465116,0.050308021227690645,1.0,1
26,1,Adam Rippon,0.0,0.050308021227690645,1.0,0
26,2,Jennie Finch Daigle,0.0,0.07262149736708154,1.0,0
26,2,Arike Ogunbowale,0.29878869448183043,0.07262149736708154,1.0,1
26,2,Mirai Nagasu,0.0,0.07262149736708154,1.0,0
26,2,Tonya Harding,0.0,0.07262149736708154,1.0,0
26,2,Chris Mazdzer,0.0,0.07262149736708154,1.0,0
26,2,Josh Norman,0.0,0.07262149736708154,1.0,0
26,2,Kareem Abdul-Jabbar,0.7012113055181696,0.07262149736708154,1.0,1
26,2,Adam Rippon,0.0,0.07262149736708154,1.0,0
26,3,Jennie Finch Daigle,0.43227091633466136,0.22487606016835712,1.0,1
26,3,Tonya Harding,0.0,0.22487606016835712,1.0,0
26,3,Josh Norman,0.0,0.22487606016835712,1.0,0
26,3,Chris Mazdzer,0.30876494023904383,0.22487606016835712,1.0,1
26,3,Mirai Nagasu,0.2589641434262948,0.22487606016835712,1.0,1
26,3,Adam Rippon,0.0,0.22487606016835712,1.0,0
27,1,Nikki Glaser,1.0,0.0,1.0,1
27,1,Mary Lou Retton,0.0,0.0,1.0,0
27,1,Juan Pablo Di Pace,0.0,0.0,1.0,0
27,1,Bobby Bones,0.0,0.0,1.0,0
27,1,John Schneider,0.0,0.0,1.0,0
27,1,Milo Manheim,0.0,0.0,1.0,0
27,1,Danelle Umstead,0.0,0.0,1.0,0
27,1,DeMarcus Ware,0.0,0.0,1.0,0
27,1,Nancy McKeon,0.0,0.0,1.0,0
27,1,Evanna Lynch,0.0,0.0,1.0,0
27,1,Alexis Ren,0.0,0.0,1.0,0
27,1,Tinashe,0.0,0.0,1.0,0
27,1,Joe Amabile,0.0,0.0,1.0,0
27,2,Mary Lou Retton,0.0,0.0,1.0,0
27,2,Juan Pablo Di Pace,0.0,0.0,1.0,0
27,2,Bobby Bones,0.0,0.0,1.0,0
27,2,John Schneider,0.0,0.0,1.0,0
27,2,Milo Manheim,0.0,0.0,1.0,0
27,2,Danelle Umstead,1.0,0.0,1.0,1
27,2,DeMarcus Ware,0.0,0.0,1.0,0
27,2,Nancy McKeon,0.0,0.0,1.0,0
27,2,Evanna Lynch,0.0,0.0,1.0,0
27,2,Alexis Ren,0.0,0.0,1.0,0
27,2,Tinashe,0.0,0.0,1.0,0
27,2,Joe Amabile,0.0,0.0,1.0,0
27,3,Mary Lou Retton,0.0,0.0,1.0,0
27,3,Juan Pablo Di Pace,0.0,0.0,1.0,0
27,3,Bobby Bones,0.0,0.0,1.0,0
27,3,John Schneider,0.0,0.0,1.0,0
27,3,Milo Manheim,0.0,0.0,1.0,0
27,3,DeMarcus Ware,0.0,0.0,1.0,0
27,3,Nancy McKeon,1.0,0.0,1.0,1
27,3,Evanna Lynch,0.0,0.0,1.0,0
27,3,Alexis Ren,0.0,0.0,1.0,0
27,3,Tinashe,0.0,0.0,1.0,0
27,3,Joe Amabile,0.0,0.0,1.0,0
27,4,Mary Lou Retton,0.0,0.0,1.0,0
27,4,Juan Pablo Di Pace,0.0,0.0,1.0,0
27,4,Bobby Bones,0.0,0.0,1.0,0
27,4,John Schneider,0.0,0.0,1.0,0
27,4,Milo Manheim,0.0,0.0,1.0,0
27,4,DeMarcus Ware,0.0,0.0,1.0,0
27,4,Evanna Lynch,0.0,0.0,1.0,0
27,4,Alexis Ren,0.0,0.0,1.0,0
27,4,Tinashe,1.0,0.0,1.0,1
27,4,Joe Amabile,0.0,0.0,1.0,0
27,6,Mary Lou Retton,1.0,0.0,1.0,1
27,6,Juan Pablo Di Pace,0.0,0.0,1.0,0
27,6,Bobby Bones,0.0,0.0,1.0,0
27,6,John Schneider,0.0,0.0,1.0,0
27,6,Milo Manheim,0.0,0.0,1.0,0
27,6,DeMarcus Ware,0.0,0.0,1.0,0
27,6,Evanna Lynch,0.0,0.0,1.0,0
27,6,Alexis Ren,0.0,0.0,1.0,0
27,6,Joe Amabile,0.0,0.0,1.0,0
27,7,Juan Pablo Di Pace,0.0,0.06250875319491614,1.0,0
27,7,Bobby Bones,0.0,0.06250875319491614,1.0,0
27,7,John Schneider,0.4940828402366864,0.06250875319491614,1.0,1
27,7,Milo Manheim,0.0,0.06250875319491614,1.0,0
27,7,DeMarcus Ware,0.5059171597633136,0.06250875319491614,1.0,1
27,7,Evanna Lynch,0.0,0.06250875319491614,1.0,0
27,7,Alexis Ren,0.0,0.06250875319491614,1.0,0
27,7,Joe Amabile,0.0,0.06250875319491614,1.0,0
27,8,Juan Pablo Di Pace,0.32987012987012987,0.09298139090346884,1.0,1
27,8,Bobby Bones,0.0,0.09298139090346884,1.0,0
27,8,Milo Manheim,0.0,0.09298139090346884,1.0,0
27,8,Evanna Lynch,0.0,0.09298139090346884,1.0,0
27,8,Alexis Ren,0.0,0.09298139090346884,1.0,0
27,8,Joe Amabile,0.6701298701298701,0.09298139090346884,1.0,1
28,2,James Van Der Beek,0.0,0.023988631914137765,1.0,0
28,2,Lamar Odom,0.2753623188405797,0.023988631914137765,1.0,0
28,2,Lauren Alaina,0.0,0.023988631914137765,1.0,0
28,2,Ally Brooke,0.0,0.023988631914137765,1.0,0
28,2,Karamo Brown,0.0,0.023988631914137765,1.0,0
28,2,Sean Spicer,0.001610305958132045,0.023988631914137765,1.0,0
28,2,Mary Wilson,0.5668276972624798,0.023988631914137765,1.0,1
28,2,Kate Flannery,0.0,0.023988631914137765,1.0,0
28,2,Hannah Brown,0.0,0.023988631914137765,1.0,0
28,2,Ray Lewis,0.15619967793880837,0.023988631914137765,1.0,0
28,2,Kel Mitchell,0.0,0.023988631914137765,1.0,0
28,2,Sailor Brinkley-Cook,0.0,0.023988631914137765,1.0,0
28,4,James Van Der Beek,0.0,2.945612216042981e-05,1.0,0
28,4,Lamar Odom,0.9878640776699029,2.945612216042981e-05,1.0,1
28,4,Lauren Alaina,0.0,2.945612216042981e-05,1.0,0
28,4,Ally Brooke,0.0,2.945612216042981e-05,1.0,0
28,4,Karamo Brown,0.0,2.945612216042981e-05,1.0,0
28,4,Sean Spicer,0.012135922330097087,2.945612216042981e-05,1.0,0
28,4,Kate Flannery,0.0,2.945612216042981e-05,1.0,0
28,4,Hannah Brown,0.0,2.945612216042981e-05,1.0,0
28,4,Kel Mitchell,0.0,2.945612216042981e-05,1.0,0
28,4,Sailor Brinkley-Cook,0.0,2.945612216042981e-05,1.0,0
28,6,James Van Der Beek,0.0,0.13795555555555555,0.0,0
28,6,Lauren Alaina,0.0,0.13795555555555555,0.0,0
28,6,Ally Brooke,0.2,0.13795555555555555,0.0,0
28,6,Karamo Brown,0.2,0.13795555555555555,0.0,0
28,6,Sean Spicer,0.36,0.13795555555555555,0.0,0
28,6,Kate Flannery,0.0,0.13795555555555555,0.0,0
28,6,Hannah Brown,0.16,0.13795555555555555,0.0,0
28,6,Kel Mitchell,0.08,0.13795555555555555,0.0,0
28,6,Sailor Brinkley-Cook,0.0,0.13795555555555555,0.0,1
28,7,James Van Der Beek,0.0,0.07342821046373366,1.0,0
28,7,Lauren Alaina,0.0,0.07342821046373366,1.0,0
28,7,Ally Brooke,0.0,0.07342821046373366,1.0,0
28,7,Karamo Brown,0.3758620689655172,0.07342821046373366,1.0,1
28,7,Sean Spicer,0.2655172413793103,0.07342821046373366,1.0,0
28,7,Kate Flannery,0.3568965517241379,0.07342821046373366,1.0,0
28,7,Hannah Brown,0.0,0.07342821046373366,1.0,0
28,7,Kel Mitchell,0.0017241379310344827,0.07342821046373366,1.0,0
28,8,James Van Der Beek,0.0,0.13015761661807582,1.0,0
28,8,Lauren Alaina,0.2785714285714286,0.13015761661807582,1.0,0
28,8,Ally Brooke,0.0,0.13015761661807582,1.0,0
28,8,Sean Spicer,0.49107142857142855,0.13015761661807582,1.0,0
28,8,Kate Flannery,0.23035714285714284,0.13015761661807582,1.0,1
28,8,Hannah Brown,0.0,0.13015761661807582,1.0,0
28,8,Kel Mitchell,0.0,0.13015761661807582,1.0,0
28,9,James Van Der Beek,0.0,0.0,1.0,0
28,9,Lauren Alaina,0.0,0.0,1.0,0
28,9,Ally Brooke,0.0,0.0,1.0,0
28,9,Sean Spicer,1.0,0.0,1.0,1
28,9,Hannah Brown,0.0,0.0,1.0,0
28,9,Kel Mitchell,0.0,0.0,1.0,0
28,10,James Van Der Beek,0.9981965734896303,1.3009388713216864e-06,1.0,1
28,10,Lauren Alaina,0.0,1.3009388713216864e-06,1.0,0
28,10,Ally Brooke,0.0,1.3009388713216864e-06,1.0,0
28,10,Hannah Brown,0.0018034265103697023,1.3009388713216864e-06,1.0,0
28,10,Kel Mitchell,0.0,1.3009388713216864e-06,1.0,0
29,2,AJ McLean,0.0,0.0013288751714677644,1.0,0
29,2,Nelly,0.0,0.0013288751714677644,1.0,0
29,2,Skai Jackson,0.0941358024691358,0.0013288751714677644,1.0,0
29,2,Carole Baskin,0.004629629629629629,0.0013288751714677644,1.0,0
29,2,Veron Davis,0.0,0.0013288751714677644,1.0,0
29,2,Chrishell Stause,0.0,0.0013288751714677644,1.0,0
29,2,Nev Schulman,0.0,0.0013288751714677644,1.0,0
29,2,Jeannie Mai,0.0,0.0013288751714677644,1.0,0
29,2,Charles Oakley,0.8950617283950617,0.0013288751714677644,1.0,1
29,2,Anne Heche,0.0,0.0013288751714677644,1.0,0
29,2,Johnny Weir,0.0,0.0013288751714677644,1.0,0
29,2,Kaitlyn Bristowe,0.0,0.0013288751714677644,1.0,0
29,2,Justina Machado,0.0,0.0013288751714677644,1.0,0
29,2,Jesse Metcalfe,0.0,0.0013288751714677644,1.0,0
29,2,Monica Aldama,0.006172839506172839,0.0013288751714677644,1.0,0
29,3,AJ McLean,0.0,0.0,1.0,0
29,3,Nelly,0.0,0.0,1.0,0
29,3,Skai Jackson,0.0,0.0,1.0,0
29,3,Carole Baskin,1.0,0.0,1.0,1
29,3,Veron Davis,0.0,0.0,1.0,0
29,3,Chrishell Stause,0.0,0.0,1.0,0
29,3,Nev Schulman,0.0,0.0,1.0,0
29,3,Jeannie Mai,0.0,0.0,1.0,0
29,3,Anne Heche,0.0,0.0,1.0,0
29,3,Johnny Weir,0.0,0.0,1.0,0
29,3,Kaitlyn Bristowe,0.0,0.0,1.0,0
29,3,Justina Machado,0.0,0.0,1.0,0
29,3,Jesse Metcalfe,0.0,0.0,1.0,0
29,3,Monica Aldama,0.0,0.0,1.0,0
29,4,AJ McLean,0.0,0.010217960920134455,1.0,0
29,4,Nelly,0.09541984732824428,0.010217960920134455,1.0,0
29,4,Skai Jackson,0.0,0.010217960920134455,1.0,0
29,4,Veron Davis,0.003816793893129771,0.010217960920134455,1.0,0
29,4,Chrishell Stause,0.001272264631043257,0.010217960920134455,1.0,0
29,4,Nev Schulman,0.0,0.010217960920134455,1.0,0
29,4,Jeannie Mai,0.05343511450381679,0.010217960920134455,1.0,0
29,4,Anne Heche,0.6895674300254453,0.010217960920134455,1.0,1
29,4,Johnny Weir,0.0,0.010217960920134455,1.0,0
29,4,Kaitlyn Bristowe,0.0,0.010217960920134455,1.0,0
29,4,Justina Machado,0.0,0.010217960920134455,1.0,0
29,4,Jesse Metcalfe,0.15648854961832062,0.010217960920134455,1.0,0
29,4,Monica Aldama,0.0,0.010217960920134455,1.0,0
29,5,AJ McLean,0.0,0.005865067462378433,1.0,0
29,5,Nelly,0.0,0.005865067462378433,1.0,0
29,5,Skai Jackson,0.0,0.005865067462378433,1.0,0
29,5,Veron Davis,0.001394700139470014,0.005865067462378433,1.0,0
29,5,Chrishell Stause,0.18688981868898186,0.005865067462378433,1.0,0
29,5,Nev Schulman,0.0,0.005865067462378433,1.0,0
29,5,Jeannie Mai,0.0,0.005865067462378433,1.0,0
29,5,Johnny Weir,0.0,0.005865067462378433,1.0,0
29,5,Kaitlyn Bristowe,0.0,0.005865067462378433,1.0,0
29,5,Justina Machado,0.0,0.005865067462378433,1.0,0
29,5,Jesse Metcalfe,0.8117154811715481,0.005865067462378433,1.0,1
29,5,Monica Aldama,0.0,0.005865067462378433,1.0,0
29,6,AJ McLean,0.0,0.020026879122861267,1.0,0
29,6,Nelly,0.0,0.020026879122861267,1.0,0
29,6,Skai Jackson,0.3288690476190476,0.020026879122861267,1.0,0
29,6,Veron Davis,0.6651785714285714,0.020026879122861267,1.0,1
29,6,Chrishell Stause,0.0,0.020026879122861267,1.0,0
29,6,Nev Schulman,0.0,0.020026879122861267,1.0,0
29,6,Jeannie Mai,0.0,0.020026879122861267,1.0,0
29,6,Kaitlyn Bristowe,0.0,0.020026879122861267,1.0,0
29,6,Justina Machado,0.0,0.020026879122861267,1.0,0
29,6,Johnny Weir,0.005952380952380952,0.020026879122861267,1.0,0
29,6,Monica Aldama,0.0,0.020026879122861267,1.0,0
29,7,AJ McLean,0.0,0.0,1.0,0
29,7,Nelly,0.0,0.0,1.0,0
29,7,Skai Jackson,0.0,0.0,1.0,0
29,7,Nev Schulman,0.0,0.0,1.0,0
29,7,Chrishell Stause,0.0,0.0,1.0,0
29,7,Jeannie Mai,0.0,0.0,1.0,0
29,7,Kaitlyn Bristowe,0.0,0.0,1.0,0
29,7,Justina Machado,0.0,0.0,1.0,0
29,7,Johnny Weir,0.0,0.0,1.0,0
29,7,Monica Aldama,1.0,0.0,1.0,1
29,8,AJ McLean,0.10215053763440861,0.059593434051463876,1.0,0
29,8,Nelly,0.3279569892473118,0.059593434051463876,1.0,0
29,8,Skai Jackson,0.14695340501792115,0.059593434051463876,1.0,0
29,8,Nev Schulman,0.0,0.059593434051463876,1.0,0
29,8,Chrishell Stause,0.41935483870967744,0.059593434051463876,1.0,1
29,8,Kaitlyn Bristowe,0.0035842293906810036,0.059593434051463876,1.0,0
29,8,Justina Machado,0.0,0.059593434051463876,1.0,0
29,8,Johnny Weir,0.0,0.059593434051463876,1.0,0
29,9,AJ McLean,0.5969387755102041,0.045836556196822746,1.0,1
29,9,Nelly,0.3979591836734694,0.045836556196822746,1.0,0
29,9,Skai Jackson,0.0,0.045836556196822746,1.0,0
29,9,Nev Schulman,0.0,0.045836556196822746,1.0,0
29,9,Kaitlyn Bristowe,0.0,0.045836556196822746,1.0,0
29,9,Justina Machado,0.00510204081632653,0.045836556196822746,1.0,0
29,9,Johnny Weir,0.0,0.045836556196822746,1.0,0
29,10,Nelly,0.5126737530662305,0.2385221520743397,1.0,0
29,10,Skai Jackson,0.19869174161896974,0.2385221520743397,1.0,1
29,10,Nev Schulman,0.0,0.2385221520743397,1.0,0
29,10,Kaitlyn Bristowe,0.0,0.2385221520743397,1.0,0
29,10,Justina Machado,0.013900245298446443,0.2385221520743397,1.0,0
29,10,Johnny Weir,0.2747342600163532,0.2385221520743397,1.0,1
30,2,Brian Austin Green,0.0,0.0,1.0,0
30,2,Christine Chiu,0.0,0.0,1.0,0
30,2,Melora Hardin,0.0,0.0,1.0,0
30,2,Melanie C,0.0,0.0,1.0,0
30,2,Jimmie Allen,0.0,0.0,1.0,0
30,2,Iman Shumpert,0.0,0.0,1.0,0
30,2,"Mike ""The Miz"" Mizanin",0.0,0.0,1.0,0
30,2,Matt James,0.0,0.0,1.0,0
30,2,JoJo Siwa,0.0,0.0,1.0,0
30,2,Kenya Moore,0.0,0.0,1.0,0
30,2,Suni Lee,0.0,0.0,1.0,0
30,2,Cody Rigsby,0.0,0.0,1.0,0
30,2,Amanda Kloots,0.0,0.0,1.0,0
30,2,Olivia Jade,0.0,0.0,1.0,0
30,2,Martin Kove,1.0,0.0,1.0,1
30,3,Brian Austin Green,0.16666666666666666,0.07557679156318613,0.0,0
30,3,Christine Chiu,0.06349206349206349,0.07557679156318613,0.0,1
30,3,Melora Hardin,0.0,0.07557679156318613,0.0,0
30,3,Melanie C,0.0,0.07557679156318613,0.0,0
30,3,Jimmie Allen,0.1746031746031746,0.07557679156318613,0.0,0
30,3,Iman Shumpert,0.2619047619047619,0.07557679156318613,0.0,0
30,3,"Mike ""The Miz"" Mizanin",0.0,0.07557679156318613,0.0,0
30,3,Matt James,0.21428571428571427,0.07557679156318613,0.0,0
30,3,JoJo Siwa,0.0,0.07557679156318613,0.0,0
30,3,Kenya Moore,0.023809523809523808,0.07557679156318613,0.0,0
30,3,Suni Lee,0.007936507936507936,0.07557679156318613,0.0,0
30,3,Cody Rigsby,0.0873015873015873,0.07557679156318613,0.0,0
30,3,Amanda Kloots,0.0,0.07557679156318613,0.0,0
30,3,Olivia Jade,0.0,0.07557679156318613,0.0,0
30,4,Brian Austin Green,0.46592844974446335,0.03944939463950171,1.0,1
30,4,Melora Hardin,0.0,0.03944939463950171,1.0,0
30,4,Melanie C,0.0,0.03944939463950171,1.0,0
30,4,Jimmie Allen,0.0,0.03944939463950171,1.0,0
30,4,Iman Shumpert,0.0,0.03944939463950171,1.0,0
30,4,"Mike ""The Miz"" Mizanin",0.0,0.03944939463950171,1.0,0
30,4,Matt James,0.5229982964224872,0.03944939463950171,1.0,1
30,4,JoJo Siwa,0.0,0.03944939463950171,1.0,0
30,4,Kenya Moore,0.002555366269165247,0.03944939463950171,1.0,0
30,4,Suni Lee,0.0,0.03944939463950171,1.0,0
30,4,Cody Rigsby,0.008517887563884156,0.03944939463950171,1.0,0
30,4,Amanda Kloots,0.0,0.03944939463950171,1.0,0
30,4,Olivia Jade,0.0,0.03944939463950171,1.0,0
30,5,Melora Hardin,0.0,0.10872781065088756,0.0,0
30,5,Melanie C,0.038461538461538464,0.10872781065088756,0.0,1
30,5,Jimmie Allen,0.25,0.10872781065088756,0.0,0
30,5,Iman Shumpert,0.28846153846153844,0.10872781065088756,0.0,0
30,5,"Mike ""The Miz"" Mizanin",0.34615384615384615,0.10872781065088756,0.0,0
30,5,JoJo Siwa,0.0,0.10872781065088756,0.0,0
30,5,Amanda Kloots,0.0,0.10872781065088756,0.0,0
30,5,Kenya Moore,0.0,0.10872781065088756,0.0,0
30,5,Suni Lee,0.07692307692307693,0.10872781065088756,0.0,0
30,5,Cody Rigsby,0.0,0.10872781065088756,0.0,0
30,5,Olivia Jade,0.0,0.10872781065088756,0.0,0
30,6,Melora Hardin,0.0,0.0,1.0,0
30,6,Jimmie Allen,0.0,0.0,1.0,0
30,6,Iman Shumpert,0.0,0.0,1.0,0
30,6,"Mike ""The Miz"" Mizanin",0.0,0.0,1.0,0
30,6,JoJo Siwa,0.0,0.0,1.0,0
30,6,Amanda Kloots,0.0,0.0,1.0,0
30,6,Kenya Moore,1.0,0.0,1.0,1
30,6,Suni Lee,0.0,0.0,1.0,0
30,6,Cody Rigsby,0.0,0.0,1.0,0
30,6,Olivia Jade,0.0,0.0,1.0,0
30,7,Melora Hardin,0.0,0.0,1.0,0
30,7,Jimmie Allen,0.0,0.0,1.0,0
30,7,Iman Shumpert,0.0,0.0,1.0,0
30,7,"Mike ""The Miz"" Mizanin",1.0,0.0,1.0,1
30,7,JoJo Siwa,0.0,0.0,1.0,0
30,7,Amanda Kloots,0.0,0.0,1.0,0
30,7,Suni Lee,0.0,0.0,1.0,0
30,7,Cody Rigsby,0.0,0.0,1.0,0
30,7,Olivia Jade,0.0,0.0,1.0,0
30,8,Melora Hardin,0.0,0.10490442407761583,1.0,0
30,8,Jimmie Allen,0.7555366269165247,0.10490442407761583,1.0,1
30,8,Iman Shumpert,0.11925042589437819,0.10490442407761583,1.0,0
30,8,JoJo Siwa,0.0,0.10490442407761583,1.0,0
30,8,Amanda Kloots,0.0,0.10490442407761583,1.0,0
30,8,Suni Lee,0.0,0.10490442407761583,1.0,0
30,8,Cody Rigsby,0.0,0.10490442407761583,1.0,0
30,8,Olivia Jade,0.1252129471890971,0.10490442407761583,1.0,1
30,9,Melora Hardin,0.3849443969204448,0.26842526605105815,1.0,1
30,9,JoJo Siwa,0.0,0.26842526605105815,1.0,0
30,9,Iman Shumpert,0.022241231822070145,0.26842526605105815,1.0,0
30,9,Amanda Kloots,0.0,0.26842526605105815,1.0,0
30,9,Suni Lee,0.03849443969204448,0.26842526605105815,1.0,1
30,9,Cody Rigsby,0.5543199315654406,0.26842526605105815,1.0,0
31,1,Heidi D'Amelio,0.0,0.008809227851681867,1.0,0
31,1,Jessie James Decker,0.0,0.008809227851681867,1.0,0
31,1,Daniel Durant,0.0,0.008809227851681867,1.0,0
31,1,Trevor Donovan,0.0,0.008809227851681867,1.0,0
31,1,Vinny Guadagnino,0.2654690618762475,0.008809227851681867,1.0,0
31,1,Sam Champion,0.0,0.008809227851681867,1.0,0
31,1,Charli D'Amelio,0.0,0.008809227851681867,1.0,0
31,1,Selma Blair,0.0,0.008809227851681867,1.0,0
31,1,Cheryl Ladd,0.0,0.008809227851681867,1.0,0
31,1,Gabby Windey,0.0,0.008809227851681867,1.0,0
31,1,Joseph Baena,0.0,0.008809227851681867,1.0,0
31,1,Shangela,0.0,0.008809227851681867,1.0,0
31,1,Wayne Brady,0.0,0.008809227851681867,1.0,0
31,1,Jordin Sparks,0.0,0.008809227851681867,1.0,0
31,1,Teresa Giudice,0.0,0.008809227851681867,1.0,0
31,1,Jason Lewis,0.7345309381237525,0.008809227851681867,1.0,1
31,2,Heidi D'Amelio,0.0,0.009632404348709407,1.0,0
31,2,Jessie James Decker,0.0,0.009632404348709407,1.0,0
31,2,Daniel Durant,0.0,0.009632404348709407,1.0,0
31,2,Trevor Donovan,0.0,0.009632404348709407,1.0,0
31,2,Vinny Guadagnino,0.0,0.009632404348709407,1.0,0
31,2,Sam Champion,0.0,0.009632404348709407,1.0,0
31,2,Charli D'Amelio,0.0,0.009632404348709407,1.0,0
31,2,Selma Blair,0.0,0.009632404348709407,1.0,0
31,2,Cheryl Ladd,0.26804123711340205,0.009632404348709407,1.0,0
31,2,Gabby Windey,0.0,0.009632404348709407,1.0,0
31,2,Joseph Baena,0.0014727540500736377,0.009632404348709407,1.0,0
31,2,Shangela,0.0,0.009632404348709407,1.0,0
31,2,Wayne Brady,0.0,0.009632404348709407,1.0,0
31,2,Jordin Sparks,0.0,0.009632404348709407,1.0,0
31,2,Teresa Giudice,0.7304860088365243,0.009632404348709407,1.0,1
31,3,Heidi D'Amelio,0.0,0.004925775457241721,1.0,0
31,3,Jessie James Decker,0.0,0.004925775457241721,1.0,0
31,3,Daniel Durant,0.0,0.004925775457241721,1.0,0
31,3,Trevor Donovan,0.0,0.004925775457241721,1.0,0
31,3,Vinny Guadagnino,0.18382352941176472,0.004925775457241721,1.0,0
31,3,Sam Champion,0.003676470588235294,0.004925775457241721,1.0,0
31,3,Charli D'Amelio,0.0,0.004925775457241721,1.0,0
31,3,Selma Blair,0.0,0.004925775457241721,1.0,0
31,3,Cheryl Ladd,0.8125,0.004925775457241721,1.0,1
31,3,Gabby Windey,0.0,0.004925775457241721,1.0,0
31,3,Joseph Baena,0.0,0.004925775457241721,1.0,0
31,3,Shangela,0.0,0.004925775457241721,1.0,0
31,3,Wayne Brady,0.0,0.004925775457241721,1.0,0
31,3,Jordin Sparks,0.0,0.004925775457241721,1.0,0
31,4,Heidi D'Amelio,0.0,0.0,1.0,0
31,4,Jessie James Decker,0.0,0.0,1.0,0
31,4,Daniel Durant,0.0,0.0,1.0,0
31,4,Trevor Donovan,0.0,0.0,1.0,0
31,4,Vinny Guadagnino,0.0,0.0,1.0,0
31,4,Sam Champion,1.0,0.0,1.0,1
31,4,Charli D'Amelio,0.0,0.0,1.0,0
31,4,Selma Blair,0.0,0.0,1.0,0
31,4,Gabby Windey,0.0,0.0,1.0,0
31,4,Joseph Baena,0.0,0.0,1.0,0
31,4,Shangela,0.0,0.0,1.0,0
31,4,Wayne Brady,0.0,0.0,1.0,0
31,4,Jordin Sparks,0.0,0.0,1.0,0
31,5,Heidi D'Amelio,0.0,0.04572253691645652,1.0,0
31,5,Jessie James Decker,0.0015337423312883436,0.04572253691645652,1.0,0
31,5,Daniel Durant,0.3665644171779141,0.04572253691645652,1.0,0
31,5,Trevor Donovan,0.003067484662576687,0.04572253691645652,1.0,0
31,5,Vinny Guadagnino,0.2116564417177914,0.04572253691645652,1.0,0
31,5,Charli D'Amelio,0.0,0.04572253691645652,1.0,0
31,5,Selma Blair,0.0,0.04572253691645652,1.0,0
31,5,Gabby Windey,0.0,0.04572253691645652,1.0,0
31,5,Joseph Baena,0.39263803680981596,0.04572253691645652,1.0,1
31,5,Shangela,0.0,0.04572253691645652,1.0,0
31,5,Wayne Brady,0.0,0.04572253691645652,1.0,0
31,5,Jordin Sparks,0.024539877300613498,0.04572253691645652,1.0,0
31,6,Heidi D'Amelio,0.0,0.016257811513697765,1.0,0
31,6,Jessie James Decker,0.7148876404494382,0.016257811513697765,1.0,1
31,6,Daniel Durant,0.0,0.016257811513697765,1.0,0
31,6,Trevor Donovan,0.0,0.016257811513697765,1.0,0
31,6,Vinny Guadagnino,0.2851123595505618,0.016257811513697765,1.0,0
31,6,Charli D'Amelio,0.0,0.016257811513697765,1.0,0
31,6,Gabby Windey,0.0,0.016257811513697765,1.0,0
31,6,Shangela,0.0,0.016257811513697765,1.0,0
31,6,Wayne Brady,0.0,0.016257811513697765,1.0,0
31,6,Jordin Sparks,0.0,0.016257811513697765,1.0,0
31,7,Heidi D'Amelio,0.03828483920367534,0.042458453425388926,1.0,0
31,7,Daniel Durant,0.0,0.042458453425388926,1.0,0
31,7,Trevor Donovan,0.0,0.042458453425388926,1.0,0
31,7,Vinny Guadagnino,0.41347626339969373,0.042458453425388926,1.0,0
31,7,Charli D'Amelio,0.0,0.042458453425388926,1.0,0
31,7,Gabby Windey,0.006125574272588055,0.042458453425388926,1.0,0
31,7,Shangela,0.0,0.042458453425388926,1.0,0
31,7,Wayne Brady,0.0,0.042458453425388926,1.0,0
31,7,Jordin Sparks,0.5421133231240429,0.042458453425388926,1.0,1
31,8,Daniel Durant,0.0,0.08251457244156002,1.0,0
31,8,Trevor Donovan,0.0,0.08251457244156002,1.0,0
31,8,Vinny Guadagnino,0.7829457364341085,0.08251457244156002,1.0,1
31,8,Charli D'Amelio,0.0,0.08251457244156002,1.0,0
31,8,Gabby Windey,0.0,0.08251457244156002,1.0,0
31,8,Shangela,0.0,0.08251457244156002,1.0,0
31,8,Wayne Brady,0.0,0.08251457244156002,1.0,0
31,8,Heidi D'Amelio,0.21705426356589147,0.08251457244156002,1.0,1
31,9,Daniel Durant,0.2930780559646539,0.09760556364112227,1.0,1
31,9,Trevor Donovan,0.7069219440353461,0.09760556364112227,1.0,1
31,9,Charli D'Amelio,0.0,0.09760556364112227,1.0,0
31,9,Gabby Windey,0.0,0.09760556364112227,1.0,0
31,9,Shangela,0.0,0.09760556364112227,1.0,0
31,9,Wayne Brady,0.0,0.09760556364112227,1.0,0
32,1,Xochitl Gomez,0.0,0.009571940501905915,1.0,0
32,1,Lele Pons,0.0,0.009571940501905915,1.0,0
32,1,Ariana Madix,0.0,0.009571940501905915,1.0,0
32,1,Charity Lawson,0.0,0.009571940501905915,1.0,0
32,1,Matt Walsh,0.7067137809187279,0.009571940501905915,1.0,1
32,1,Mauricio Umansky,0.0,0.009571940501905915,1.0,0
32,1,Barry Williams,0.0,0.009571940501905915,1.0,0
32,1,Alyson Hannigan,0.0035335689045936395,0.009571940501905915,1.0,0
32,1,Jason Mraz,0.0,0.009571940501905915,1.0,0
32,1,Harry Jowsey,0.19964664310954064,0.009571940501905915,1.0,0
32,1,Tyson Beckford,0.09010600706713781,0.009571940501905915,1.0,0
32,1,Mira Sorvino,0.0,0.009571940501905915,1.0,0
32,1,Jamie Lynn Spears,0.0,0.009571940501905915,1.0,0
32,1,Adrian Peterson,0.0,0.009571940501905915,1.0,0
32,2,Xochitl Gomez,0.0,0.08206117115208024,0.0,0
32,2,Lele Pons,0.0,0.08206117115208024,0.0,0
32,2,Ariana Madix,0.0,0.08206117115208024,0.0,0
32,2,Charity Lawson,0.0,0.08206117115208024,0.0,0
32,2,Mauricio Umansky,0.3575757575757576,0.08206117115208024,0.0,0
32,2,Barry Williams,0.08181818181818182,0.08206117115208024,0.0,0
32,2,Alyson Hannigan,0.0,0.08206117115208024,0.0,0
32,2,Jason Mraz,0.0,0.08206117115208024,0.0,0
32,2,Harry Jowsey,0.3,0.08206117115208024,0.0,0
32,2,Tyson Beckford,0.0,0.08206117115208024,0.0,0
32,2,Mira Sorvino,0.0,0.08206117115208024,0.0,0
32,2,Jamie Lynn Spears,0.09696969696969697,0.08206117115208024,0.0,1
32,2,Adrian Peterson,0.16363636363636364,0.08206117115208024,0.0,0
32,3,Xochitl Gomez,0.0,0.0,1.0,0
32,3,Lele Pons,0.0,0.0,1.0,0
32,3,Ariana Madix,0.0,0.0,1.0,0
32,3,Charity Lawson,0.0,0.0,1.0,0
32,3,Mauricio Umansky,0.0,0.0,1.0,0
32,3,Barry Williams,0.0,0.0,1.0,0
32,3,Alyson Hannigan,0.0,0.0,1.0,0
32,3,Jason Mraz,0.0,0.0,1.0,0
32,3,Harry Jowsey,0.0,0.0,1.0,0
32,3,Tyson Beckford,1.0,0.0,1.0,1
32,3,Mira Sorvino,0.0,0.0,1.0,0
32,3,Adrian Peterson,0.0,0.0,1.0,0
32,4,Xochitl Gomez,0.0,0.08168873411942958,0.0,0
32,4,Lele Pons,0.0,0.08168873411942958,0.0,0
32,4,Ariana Madix,0.0,0.08168873411942958,0.0,0
32,4,Charity Lawson,0.0,0.08168873411942958,0.0,0
32,4,Mauricio Umansky,0.18808777429467086,0.08168873411942958,0.0,0
32,4,Barry Williams,0.3166144200626959,0.08168873411942958,0.0,0
32,4,Alyson Hannigan,0.2413793103448276,0.08168873411942958,0.0,0
32,4,Jason Mraz,0.0,0.08168873411942958,0.0,0
32,4,Harry Jowsey,0.0438871473354232,0.08168873411942958,0.0,0
32,4,Mira Sorvino,0.047021943573667714,0.08168873411942958,0.0,0
32,4,Adrian Peterson,0.16300940438871472,0.08168873411942958,0.0,1
32,5,Xochitl Gomez,0.0,0.07259765595463137,1.0,0
32,5,Lele Pons,0.0,0.07259765595463137,1.0,0
32,5,Ariana Madix,0.0,0.07259765595463137,1.0,0
32,5,Charity Lawson,0.0,0.07259765595463137,1.0,0
32,5,Mauricio Umansky,0.0,0.07259765595463137,1.0,0
32,5,Barry Williams,0.0,0.07259765595463137,1.0,0
32,5,Alyson Hannigan,0.271304347826087,0.07259765595463137,1.0,0
32,5,Jason Mraz,0.0,0.07259765595463137,1.0,0
32,5,Harry Jowsey,0.4191304347826087,0.07259765595463137,1.0,0
32,5,Mira Sorvino,0.3095652173913043,0.07259765595463137,1.0,1
32,6,Xochitl Gomez,0.0,0.10055096748740777,1.0,0
32,6,Lele Pons,0.0,0.10055096748740777,1.0,0
32,6,Ariana Madix,0.0,0.10055096748740777,1.0,0
32,6,Charity Lawson,0.0,0.10055096748740777,1.0,0
32,6,Mauricio Umansky,0.1903485254691689,0.10055096748740777,1.0,1
32,6,Barry Williams,0.13404825737265416,0.10055096748740777,1.0,0
32,6,Alyson Hannigan,0.2975871313672922,0.10055096748740777,1.0,0
32,6,Jason Mraz,0.0,0.10055096748740777,1.0,0
32,6,Harry Jowsey,0.3780160857908847,0.10055096748740777,1.0,0
32,7,Xochitl Gomez,0.0,0.15935672514619886,0.0,0
32,7,Lele Pons,0.02631578947368421,0.15935672514619886,0.0,1
32,7,Ariana Madix,0.0,0.15935672514619886,0.0,0
32,7,Charity Lawson,0.10526315789473684,0.15935672514619886,0.0,0
32,7,Barry Williams,0.16666666666666666,0.15935672514619886,0.0,0
32,7,Alyson Hannigan,0.13157894736842105,0.15935672514619886,0.0,0
32,7,Jason Mraz,0.05263157894736842,0.15935672514619886,0.0,0
32,7,Harry Jowsey,0.5175438596491229,0.15935672514619886,0.0,0
32,8,Xochitl Gomez,0.0,0.09598924277656747,1.0,0
32,8,Ariana Madix,0.0,0.09598924277656747,1.0,0
32,8,Charity Lawson,0.0,0.09598924277656747,1.0,0
32,8,Barry Williams,0.3462414578587699,0.09598924277656747,1.0,1
32,8,Alyson Hannigan,0.0,0.09598924277656747,1.0,0
32,8,Jason Mraz,0.20273348519362186,0.09598924277656747,1.0,0
32,8,Harry Jowsey,0.4510250569476082,0.09598924277656747,1.0,0
32,9,Xochitl Gomez,0.0,0.0,1.0,0
32,9,Ariana Madix,0.0,0.0,1.0,0
32,9,Charity Lawson,0.0,0.0,1.0,0
32,9,Alyson Hannigan,0.0,0.0,1.0,0
32,9,Jason Mraz,0.0,0.0,1.0,0
32,9,Harry Jowsey,1.0,0.0,1.0,1
33,2,Dwight Howard,0.0,0.11806663276671614,1.0,0
33,2,Chandler Kinney,0.0,0.11806663276671614,1.0,0
33,2,Phaedra Parks,0.0,0.11806663276671614,1.0,0
33,2,Ilona Maher,0.0,0.11806663276671614,1.0,0
33,2,Jenn Tran,0.013268998793727383,0.11806663276671614,1.0,0
33,2,Brooks Nader,0.0012062726176115801,0.11806663276671614,1.0,0
33,2,Reginald VelJohnson,0.255729794933655,0.11806663276671614,1.0,0
33,2,Tori Spelling,0.0735826296743064,0.11806663276671614,1.0,1
33,2,Danny Amendola,0.0,0.11806663276671614,1.0,0
33,2,Stephen Nedoroscik,0.0,0.11806663276671614,1.0,0
33,2,Anna Delvey,0.3027744270205066,0.11806663276671614,1.0,1
33,2,Eric Roberts,0.353437876960193,0.11806663276671614,1.0,0
33,2,Joey Graziadei,0.0,0.11806663276671614,1.0,0
33,3,Dwight Howard,0.0,0.04632695756299105,1.0,0
33,3,Chandler Kinney,0.0,0.04632695756299105,1.0,0
33,3,Phaedra Parks,0.0,0.04632695756299105,1.0,0
33,3,Ilona Maher,0.0,0.04632695756299105,1.0,0
33,3,Jenn Tran,0.0,0.04632695756299105,1.0,0
33,3,Brooks Nader,0.0,0.04632695756299105,1.0,0
33,3,Reginald VelJohnson,0.5692695214105793,0.04632695756299105,1.0,1
33,3,Stephen Nedoroscik,0.0,0.04632695756299105,1.0,0
33,3,Danny Amendola,0.0,0.04632695756299105,1.0,0
33,3,Eric Roberts,0.43073047858942065,0.04632695756299105,1.0,1
33,3,Joey Graziadei,0.0,0.04632695756299105,1.0,0
33,4,Dwight Howard,0.4507042253521127,0.07897198527628997,1.0,0
33,4,Chandler Kinney,0.0323943661971831,0.07897198527628997,1.0,0
33,4,Phaedra Parks,0.04929577464788732,0.07897198527628997,1.0,0
33,4,Ilona Maher,0.07042253521126761,0.07897198527628997,1.0,0
33,4,Jenn Tran,0.09577464788732394,0.07897198527628997,1.0,0
33,4,Brooks Nader,0.3,0.07897198527628997,1.0,1
33,4,Stephen Nedoroscik,0.0014084507042253522,0.07897198527628997,1.0,0
33,4,Danny Amendola,0.0,0.07897198527628997,1.0,0
33,4,Joey Graziadei,0.0,0.07897198527628997,1.0,0
33,5,Dwight Howard,0.14937759336099585,0.023559052587478403,1.0,0
33,5,Chandler Kinney,0.0,0.023559052587478403,1.0,0
33,5,Phaedra Parks,0.6459197786998617,0.023559052587478403,1.0,1
33,5,Ilona Maher,0.0,0.023559052587478403,1.0,0
33,5,Jenn Tran,0.0,0.023559052587478403,1.0,0
33,5,Stephen Nedoroscik,0.20193637621023514,0.023559052587478403,1.0,0
33,5,Danny Amendola,0.0027662517289073307,0.023559052587478403,1.0,0
33,5,Joey Graziadei,0.0,0.023559052587478403,1.0,0
33,6,Dwight Howard,0.030303030303030304,0.1757759412304867,0.0,0
33,6,Chandler Kinney,0.0,0.1757759412304867,0.0,0
33,6,Ilona Maher,0.41818181818181815,0.1757759412304867,0.0,0
33,6,Jenn Tran,0.04242424242424243,0.1757759412304867,0.0,1
33,6,Stephen Nedoroscik,0.19090909090909092,0.1757759412304867,0.0,0
33,6,Danny Amendola,0.3181818181818182,0.1757759412304867,0.0,0
33,6,Joey Graziadei,0.0,0.1757759412304867,0.0,0
33,7,Dwight Howard,0.9977037887485649,1.3181465278042898e-06,1.0,1
33,7,Chandler Kinney,0.0,1.3181465278042898e-06,1.0,0
33,7,Ilona Maher,0.001148105625717566,1.3181465278042898e-06,1.0,0
33,7,Stephen Nedoroscik,0.0,1.3181465278042898e-06,1.0,0
33,7,Danny Amendola,0.001148105625717566,1.3181465278042898e-06,1.0,0
33,7,Joey Graziadei,0.0,1.3181465278042898e-06,1.0,0
34,2,Dylan Efron,0.0,0.060664868438586685,1.0,0
34,2,Jen Affleck,0.0,0.060664868438586685,1.0,0
34,2,Robert Irwin,0.0,0.060664868438586685,1.0,0
34,2,Alix Earle,0.0,0.060664868438586685,1.0,0
34,2,Elaine Hendrix,0.0,0.060664868438586685,1.0,0
34,2,Baron Davis,0.12931798051372898,0.060664868438586685,1.0,1
34,2,Andy Richter,0.12134632418069087,0.060664868438586685,1.0,0
34,2,Hilaria Baldwin,0.0,0.060664868438586685,1.0,0
34,2,Lauren Jauregui,0.0,0.060664868438586685,1.0,0
34,2,Scott Hoying,0.024800708591674048,0.060664868438586685,1.0,0
34,2,Corey Feldman,0.7245349867139061,0.060664868438586685,1.0,1
34,2,Whitney Leavitt,0.0,0.060664868438586685,1.0,0
34,2,Jordan Chiles,0.0,0.060664868438586685,1.0,0
34,2,Danielle Fishel,0.0,0.060664868438586685,1.0,0
34,3,Dylan Efron,0.0,0.0025851157814103455,1.0,0
34,3,Jen Affleck,0.006069802731411229,0.0025851157814103455,1.0,0
34,3,Robert Irwin,0.0,0.0025851157814103455,1.0,0
34,3,Alix Earle,0.0,0.0025851157814103455,1.0,0
34,3,Andy Richter,0.12139605462822459,0.0025851157814103455,1.0,0
34,3,Elaine Hendrix,0.0,0.0025851157814103455,1.0,0
34,3,Hilaria Baldwin,0.0,0.0025851157814103455,1.0,0
34,3,Lauren Jauregui,0.8725341426403642,0.0025851157814103455,1.0,1
34,3,Scott Hoying,0.0,0.0025851157814103455,1.0,0
34,3,Whitney Leavitt,0.0,0.0025851157814103455,1.0,0
34,3,Jordan Chiles,0.0,0.0025851157814103455,1.0,0
34,3,Danielle Fishel,0.0,0.0025851157814103455,1.0,0
34,4,Dylan Efron,0.02997275204359673,0.09372028086251222,0.0,0
34,4,Jen Affleck,0.0326975476839237,0.09372028086251222,0.0,0
34,4,Robert Irwin,0.17166212534059946,0.09372028086251222,0.0,0
34,4,Alix Earle,0.0,0.09372028086251222,0.0,0
34,4,Andy Richter,0.329700272479564,0.09372028086251222,0.0,0
34,4,Elaine Hendrix,0.0,0.09372028086251222,0.0,0
34,4,Hilaria Baldwin,0.09264305177111716,0.09372028086251222,0.0,1
34,4,Scott Hoying,0.10626702997275204,0.09372028086251222,0.0,0
34,4,Whitney Leavitt,0.0,0.09372028086251222,0.0,0
34,4,Jordan Chiles,0.0,0.09372028086251222,0.0,0
34,4,Danielle Fishel,0.23705722070844687,0.09372028086251222,0.0,0
34,6,Dylan Efron,0.0,0.020982160515802383,1.0,0
34,6,Jen Affleck,0.0,0.020982160515802383,1.0,0
34,6,Robert Irwin,0.0,0.020982160515802383,1.0,0
34,6,Alix Earle,0.0,0.020982160515802383,1.0,0
34,6,Andy Richter,0.3238993710691824,0.020982160515802383,1.0,0
34,6,Elaine Hendrix,0.0,0.020982160515802383,1.0,0
34,6,Scott Hoying,0.6761006289308176,0.020982160515802383,1.0,1
34,6,Whitney Leavitt,0.0,0.020982160515802383,1.0,0
34,6,Jordan Chiles,0.0,0.020982160515802383,1.0,0
34,6,Danielle Fishel,0.0,0.020982160515802383,1.0,0
34,7,Dylan Efron,0.0,0.05779934437119014,1.0,0
34,7,Jen Affleck,0.41019955654101997,0.05779934437119014,1.0,1
34,7,Robert Irwin,0.0,0.05779934437119014,1.0,0
34,7,Alix Earle,0.0,0.05779934437119014,1.0,0
34,7,Andy Richter,0.3148558758314856,0.05779934437119014,1.0,0
34,7,Elaine Hendrix,0.270509977827051,0.05779934437119014,1.0,0
34,7,Whitney Leavitt,0.0,0.05779934437119014,1.0,0
34,7,Jordan Chiles,0.0,0.05779934437119014,1.0,0
34,7,Danielle Fishel,0.004434589800443459,0.05779934437119014,1.0,0
34,8,Dylan Efron,0.0013698630136986301,0.03546021767686246,1.0,0
34,8,Robert Irwin,0.0027397260273972603,0.03546021767686246,1.0,0
34,8,Alix Earle,0.0,0.03546021767686246,1.0,0
34,8,Andy Richter,0.3561643835616438,0.03546021767686246,1.0,0
34,8,Elaine Hendrix,0.03424657534246575,0.03546021767686246,1.0,0
34,8,Whitney Leavitt,0.0,0.03546021767686246,1.0,0
34,8,Jordan Chiles,0.0,0.03546021767686246,1.0,0
34,8,Danielle Fishel,0.6054794520547945,0.03546021767686246,1.0,1
34,9,Dylan Efron,0.0,0.0,1.0,0
34,9,Robert Irwin,0.0,0.0,1.0,0
34,9,Alix Earle,0.0,0.0,1.0,0
34,9,Andy Richter,1.0,0.0,1.0,1
34,9,Elaine Hendrix,0.0,0.0,1.0,0
34,9,Whitney Leavitt,0.0,0.0,1.0,0
34,9,Jordan Chiles,0.0,0.0,1.0,0
34,10,Dylan Efron,0.4068241469816273,0.1789507282718269,0.0,0
34,10,Robert Irwin,0.0,0.1789507282718269,0.0,0
34,10,Alix Earle,0.01837270341207349,0.1789507282718269,0.0,0
34,10,Elaine Hendrix,0.1679790026246719,0.1789507282718269,0.0,0
34,10,Whitney Leavitt,0.11023622047244094,0.1789507282718269,0.0,1
34,10,Jordan Chiles,0.29658792650918636,0.1789507282718269,0.0,0
